Instruments,Entry Timestamp,Entry Price,Exit Timestamp,Exit Price,Quantity,Lot Size,PnL per Lot,Cost per Lot,Net PnL per Lot,Exit Reason,Nearest Expiry Date,Days to Expiry,Expiry Day Flag,Month,Hold Time
"21750CE, 21750PE",2024-01-01 13:58:00,215.8875,2024-01-01 14:12:00,241.4405,2,75,-1916.475,32.383125,-1948.8581249999993,Stop Loss Hit,04JAN24,3,False,1,14.0
"21800CE, 21800PE",2024-01-01 14:43:00,227.0985,2024-01-01 15:03:00,231.694,2,75,-344.66249999999906,34.064775,-378.72727499999905,RSI Oversold,04JAN24,3,False,1,20.0
"21650CE, 21650PE",2024-01-02 13:37:00,184.88049999999998,2024-01-02 14:27:00,182.911,2,75,147.71249999999873,27.732074999999995,119.98042499999872,RSI Oversold,04JAN24,2,False,1,50.0
"21700CE, 21700PE",2024-01-02 14:39:00,177.558,2024-01-02 14:54:00,175.8915,2,75,124.98750000000018,26.6337,98.35379999999986,RSI Oversold,04JAN24,2,False,1,15.0
"21600CE, 21600PE",2024-01-03 11:48:00,138.2185,2024-01-03 12:05:00,134.93599999999998,2,75,246.1874999999999,20.732775,225.45472499999988,RSI Oversold,04JAN24,1,False,1,17.0
"21550CE, 21550PE",2024-01-03 12:52:00,137.663,2024-01-03 13:57:00,131.5525,2,75,458.28750000000014,20.64945,437.63805000000013,RSI Oversold,04JAN24,1,False,1,65.0
"21650CE, 21650PE",2024-01-04 10:15:00,60.1455,2024-01-04 10:51:00,48.581,2,75,867.3374999999996,9.021825,858.3156749999996,Profit Target Hit,04JAN24,0,True,1,36.0
"21700CE, 21700PE",2024-01-05 12:10:00,236.39050000000003,2024-01-05 12:36:00,233.815,2,75,193.16250000000036,35.458575,157.70392500000037,RSI Oversold,11JAN24,6,False,1,26.0
"21700CE, 21700PE",2024-01-05 14:46:00,230.9365,2024-01-05 15:18:00,219.473,2,75,859.7624999999999,34.640475,825.1220249999998,RSI Oversold,11JAN24,6,False,1,32.0
"21700CE, 21700PE",2024-01-08 10:34:00,202.707,2024-01-08 10:46:00,199.475,2,75,242.39999999999873,30.406049999999993,211.99394999999936,RSI Oversold,11JAN24,3,False,1,12.0
"21600CE, 21600PE",2024-01-08 12:34:00,201.6465,2024-01-08 12:56:00,205.131,2,75,-261.3374999999987,30.246975,-291.584474999999,RSI Oversold,11JAN24,3,False,1,22.0
"21600CE, 21600PE",2024-01-08 13:21:00,200.6365,2024-01-08 13:42:00,203.4645,2,75,-212.0999999999991,30.095475,-242.19547499999908,RSI Oversold,11JAN24,3,False,1,21.0
"21700CE, 21700PE",2024-01-09 10:21:00,174.57850000000002,2024-01-09 10:58:00,174.12400000000002,2,75,34.08750000000076,26.186775000000004,7.900725000000753,RSI Oversold,11JAN24,2,False,1,37.0
"21700CE, 21700PE",2024-01-09 12:26:00,175.08350000000002,2024-01-09 12:52:00,170.286,2,75,359.8125,26.262525,333.549975,RSI Oversold,11JAN24,2,False,1,26.0
"21550CE, 21550PE",2024-01-10 10:17:00,156.8025,2024-01-10 10:32:00,159.5295,2,75,-204.5250000000002,23.520375,-228.04537500000026,RSI Oversold,11JAN24,1,False,1,15.0
"21550CE, 21550PE",2024-01-10 14:01:00,134.431,2024-01-10 14:32:00,133.32,2,75,83.32500000000192,20.16465,63.16035000000187,RSI Oversold,11JAN24,1,False,1,31.0
"21550CE, 21550PE",2024-01-10 14:39:00,134.128,2024-01-10 14:59:00,153.6715,2,75,-1465.7624999999998,20.1192,-1485.8817000000001,Stop Loss Hit,11JAN24,1,False,1,20.0
"21800CE, 21800PE",2024-01-12 10:05:00,260.1255,2024-01-12 11:14:00,279.71950000000004,2,75,-1469.5500000000006,39.01882500000001,-1508.5688250000007,RSI Oversold,18JAN24,6,False,1,69.0
"21850CE, 21850PE",2024-01-12 12:52:00,273.76050000000004,2024-01-12 14:06:00,285.0725,2,75,-848.3999999999976,41.064075,-889.4640749999978,RSI Oversold,18JAN24,6,False,1,74.0
"21900CE, 21900PE",2024-01-12 14:40:00,292.496,2024-01-12 14:53:00,278.6085,2,75,1041.5625,43.8744,997.6881000000001,RSI Oversold,18JAN24,6,False,1,13.0
"22050CE, 22050PE",2024-01-15 11:00:00,239.37,2024-01-15 11:37:00,238.6125,2,75,56.81249999999946,35.9055,20.90699999999947,RSI Oversold,18JAN24,3,False,1,37.0
"22050CE, 22050PE",2024-01-15 14:06:00,243.915,2024-01-15 14:32:00,235.12800000000001,2,75,659.0249999999994,36.58725,622.4377499999994,RSI Oversold,18JAN24,3,False,1,26.0
"22100CE, 22100PE",2024-01-16 09:49:00,210.6355,2024-01-16 11:01:00,201.192,2,75,708.2625,31.595324999999995,676.667175,RSI Oversold,18JAN24,2,False,1,72.0
"21400CE, 21400PE",2024-01-18 10:10:00,105.03999999999999,2024-01-18 11:42:00,84.739,2,75,1522.575,15.755999999999998,1506.819,Profit Target Hit,18JAN24,0,True,1,92.0
"21500CE, 21500PE",2024-01-18 11:57:00,71.205,2024-01-18 12:36:00,65.953,2,75,393.89999999999935,10.68075,383.2192499999993,RSI Oversold,18JAN24,0,True,1,39.0
"21650CE, 21650PE",2024-01-19 10:28:00,306.33299999999997,2024-01-19 10:46:00,304.36350000000004,2,75,147.71249999999873,45.94995,101.76254999999878,RSI Oversold,25JAN24,6,False,1,18.0
"21600CE, 21600PE",2024-01-19 11:39:00,309.161,2024-01-19 12:10:00,312.292,2,75,-234.8249999999981,46.37415,-281.19914999999787,RSI Oversold,25JAN24,6,False,1,31.0
"21600CE, 21600PE",2024-01-19 14:27:00,299.6165,2024-01-19 15:00:00,303.7575,2,75,-310.57499999999936,44.942475,-355.5174749999993,RSI Oversold,25JAN24,6,False,1,33.0
"21350CE, 21350PE",2024-01-24 09:57:00,227.553,2024-01-24 10:45:00,220.9375,2,75,496.16249999999985,34.13295,462.02954999999986,RSI Oversold,25JAN24,1,False,1,48.0
"21300CE, 21300PE",2024-01-24 12:51:00,203.1615,2024-01-24 13:16:00,204.9795,2,75,-136.35000000000082,30.474225,-166.82422500000098,RSI Oversold,25JAN24,1,False,1,25.0
"21350CE, 21350PE",2024-01-24 14:06:00,197.30349999999999,2024-01-24 15:21:00,194.425,2,75,215.8874999999989,29.595525,186.29197499999918,EOD,25JAN24,1,False,1,75.0
"21300CE, 21300PE",2024-01-25 11:22:00,120.7455,2024-01-25 11:53:00,106.15100000000001,2,75,1094.5875000000003,18.111825,1076.4756750000004,RSI Oversold,25JAN24,0,True,1,31.0
"21300CE, 21300PE",2024-01-25 13:50:00,52.570499999999996,2024-01-25 14:12:00,42.066500000000005,2,75,787.7999999999996,7.885575,779.9144249999997,Profit Target Hit,25JAN24,0,True,1,22.0
"21600CE, 21600PE",2024-01-29 09:59:00,382.6385,2024-01-29 11:20:00,380.8205,2,75,136.3499999999988,57.395775,78.95422499999877,RSI Oversold,01FEB24,3,False,1,81.0
"21700CE, 21700PE",2024-01-29 13:01:00,387.43600000000004,2024-01-29 14:15:00,376.932,2,75,787.8000000000014,58.1154,729.6846000000014,RSI Oversold,01FEB24,3,False,1,74.0
"21750CE, 21750PE",2024-01-30 12:00:00,322.897,2024-01-30 12:13:00,320.0185,2,75,215.887499999998,48.43455,167.45294999999805,RSI Oversold,01FEB24,2,False,1,13.0
"21650CE, 21650PE",2024-01-31 10:37:00,263.105,2024-01-31 12:17:00,269.1145,2,75,-450.7124999999992,39.46575,-490.178249999999,RSI Oversold,01FEB24,1,False,1,100.0
"21750CE, 21750PE",2024-01-31 15:06:00,254.77250000000004,2024-01-31 15:21:00,267.9025,2,75,-984.7499999999975,38.215875,-1022.9658749999976,EOD,01FEB24,1,False,1,15.0
"21800CE, 21800PE",2024-02-01 10:54:00,197.455,2024-02-01 11:16:00,195.1825,2,75,170.43749999999955,29.618250000000003,140.81924999999956,RSI Oversold,01FEB24,0,True,2,22.0
"21750CE, 21750PE",2024-02-01 12:48:00,87.41550000000001,2024-02-01 13:07:00,76.60849999999999,2,75,810.5250000000001,13.112325,797.4126750000005,RSI Oversold,01FEB24,0,True,2,19.0
"21950CE, 21950PE",2024-02-02 11:04:00,319.8165,2024-02-02 11:23:00,356.53000000000003,2,75,-2753.5125000000016,47.972475,-2801.484975000002,Stop Loss Hit,08FEB24,6,False,2,19.0
"22100CE, 22100PE",2024-02-02 11:41:00,353.601,2024-02-02 11:54:00,324.4625,2,75,2185.387499999997,53.04015,2132.3473499999973,RSI Oversold,08FEB24,6,False,2,13.0
"21950CE, 21950PE",2024-02-05 09:51:00,326.937,2024-02-05 10:17:00,319.26099999999997,2,75,575.6999999999989,49.040549999999996,526.659449999999,RSI Oversold,08FEB24,3,False,2,26.0
"21900CE, 21900PE",2024-02-05 10:45:00,304.76750000000004,2024-02-05 12:10:00,292.597,2,75,912.7875000000004,45.715125,867.0723750000004,RSI Oversold,08FEB24,3,False,2,85.0
"21850CE, 21850PE",2024-02-06 11:00:00,259.469,2024-02-06 12:29:00,259.1155,2,75,26.512499999999818,38.92035,-12.40785000000028,RSI Oversold,08FEB24,2,False,2,89.0
"21950CE, 21950PE",2024-02-07 15:17:00,153.72199999999998,2024-02-07 15:21:00,155.23700000000002,2,75,-113.62500000000108,23.0583,-136.68330000000114,EOD,08FEB24,1,False,2,4.0
"21750CE, 21750PE",2024-02-09 11:41:00,346.0765,2024-02-09 13:19:00,332.7445,2,75,999.8999999999974,51.911474999999996,947.9885249999973,RSI Oversold,15FEB24,6,False,2,98.0
"21650CE, 21650PE",2024-02-12 13:34:00,291.991,2024-02-12 14:27:00,285.123,2,75,515.0999999999996,43.79865,471.3013499999995,RSI Oversold,15FEB24,3,False,2,53.0
"21750CE, 21750PE",2024-02-13 10:52:00,246.7935,2024-02-13 11:26:00,243.30899999999997,2,75,261.3374999999997,37.019025,224.31847499999978,RSI Oversold,15FEB24,2,False,2,34.0
"21700CE, 21700PE",2024-02-13 13:01:00,231.74450000000002,2024-02-13 13:14:00,228.4115,2,75,249.97499999999968,34.761675000000004,215.21332499999994,RSI Oversold,15FEB24,2,False,2,13.0
"21700CE, 21700PE",2024-02-13 13:29:00,228.6135,2024-02-13 14:19:00,232.9565,2,75,-325.72499999999917,34.292025,-360.0170249999992,RSI Oversold,15FEB24,2,False,2,50.0
"21650CE, 21650PE",2024-02-14 10:58:00,172.76049999999998,2024-02-14 11:14:00,180.1335,2,75,-552.9750000000006,25.914075,-578.8890750000005,RSI Oversold,15FEB24,1,False,2,16.0
"21650CE, 21650PE",2024-02-14 12:28:00,168.5185,2024-02-14 13:18:00,173.215,2,75,-352.2375000000011,25.277775,-377.5152750000011,RSI Oversold,15FEB24,1,False,2,50.0
"21700CE, 21700PE",2024-02-14 14:12:00,161.297,2024-02-14 14:33:00,189.1225,2,75,-2086.912500000001,24.19455,-2111.1070500000005,Stop Loss Hit,15FEB24,1,False,2,21.0
"21800CE, 21800PE",2024-02-14 14:34:00,160.2365,2024-02-14 14:59:00,180.99200000000002,2,75,-1556.6625000000004,24.035474999999998,-1580.6979750000003,Stop Loss Hit,15FEB24,1,False,2,25.0
"21850CE, 21850PE",2024-02-14 15:01:00,171.7,2024-02-14 15:14:00,147.30849999999998,2,75,1829.3625000000006,25.755,1803.6075000000008,RSI Oversold,15FEB24,1,False,2,13.0
"21900CE, 21900PE",2024-02-15 13:40:00,74.639,2024-02-15 13:42:00,87.16300000000001,2,75,-939.3000000000003,11.19585,-950.4958500000002,Stop Loss Hit,15FEB24,0,True,2,2.0
"22000CE, 22000PE",2024-02-16 09:41:00,334.2595,2024-02-16 11:36:00,331.179,2,75,231.0374999999979,50.138925,180.89857499999795,RSI Oversold,22FEB24,6,False,2,115.0
"22050CE, 22050PE",2024-02-16 12:56:00,324.5635,2024-02-16 13:30:00,317.2915,2,75,545.4000000000035,48.68452500000001,496.7154750000035,RSI Oversold,22FEB24,6,False,2,34.0
"22050CE, 22050PE",2024-02-16 14:40:00,307.8985,2024-02-16 15:21:00,304.2625,2,75,272.6999999999998,46.184775,226.51522499999987,EOD,22FEB24,6,False,2,41.0
"22050CE, 22050PE",2024-02-19 10:09:00,284.11300000000006,2024-02-19 11:32:00,296.536,2,75,-931.7249999999963,42.61695,-974.3419499999964,RSI Oversold,22FEB24,3,False,2,83.0
"22150CE, 22150PE",2024-02-19 11:58:00,286.1835,2024-02-19 13:27:00,278.053,2,75,609.7874999999999,42.92752500000001,566.8599749999998,RSI Oversold,22FEB24,3,False,2,89.0
"22100CE, 22100PE",2024-02-20 09:43:00,258.863,2024-02-20 09:55:00,259.873,2,75,-75.75,38.82945,-114.57945000000063,RSI Oversold,22FEB24,2,False,2,12.0
"22100CE, 22100PE",2024-02-20 10:17:00,253.106,2024-02-20 10:44:00,254.67149999999998,2,75,-117.41250000000002,37.965900000000005,-155.3784000000001,RSI Oversold,22FEB24,2,False,2,27.0
"22100CE, 22100PE",2024-02-20 11:20:00,247.7025,2024-02-20 12:23:00,245.632,2,75,155.28750000000014,37.15537500000001,118.13212500000009,RSI Oversold,22FEB24,2,False,2,63.0
"22150CE, 22150PE",2024-02-20 13:31:00,234.219,2024-02-20 13:58:00,229.32049999999998,2,75,367.3874999999996,35.132850000000005,332.25464999999986,RSI Oversold,22FEB24,2,False,2,27.0
"22200CE, 22200PE",2024-02-20 15:03:00,217.09949999999998,2024-02-20 15:21:00,221.7455,2,75,-348.449999999999,32.564925,-381.01492499999915,EOD,22FEB24,2,False,2,18.0
"22200CE, 22200PE",2024-02-21 11:02:00,184.82999999999998,2024-02-21 11:23:00,182.305,2,75,189.37499999999937,27.7245,161.65049999999934,RSI Oversold,22FEB24,1,False,2,21.0
"22200CE, 22200PE",2024-02-21 11:42:00,175.538,2024-02-21 13:08:00,156.19650000000001,2,75,1450.6124999999986,26.3307,1424.2817999999986,RSI Oversold,22FEB24,1,False,2,86.0
"22100CE, 22100PE",2024-02-21 15:10:00,157.257,2024-02-21 15:21:00,165.0845,2,75,-587.0625,23.58855,-610.6510499999999,EOD,22FEB24,1,False,2,11.0
"21950CE, 21950PE",2024-02-22 11:42:00,100.3435,2024-02-22 12:06:00,80.54750000000001,2,75,1484.6999999999998,15.051525000000002,1469.648475,Profit Target Hit,22FEB24,0,True,2,24.0
"22000CE, 22000PE",2024-02-22 13:38:00,74.84100000000001,2024-02-22 13:59:00,93.425,2,75,-1393.7999999999997,11.22615,-1405.0261499999992,Stop Loss Hit,22FEB24,0,True,2,21.0
"22100CE, 22100PE",2024-02-22 14:00:00,71.25550000000001,2024-02-22 14:15:00,73.0735,2,75,-136.35000000000036,10.688324999999999,-147.03832500000067,RSI Oversold,22FEB24,0,True,2,15.0
"22200CE, 22200PE",2024-02-22 14:51:00,56.055,2024-02-22 15:00:00,41.006,2,75,1128.675,8.40825,1120.2667499999998,Profit Target Hit,22FEB24,0,True,2,9.0
"22250CE, 22250PE",2024-02-23 11:06:00,316.938,2024-02-23 11:18:00,315.019,2,75,143.92499999999905,47.5407,96.3842999999988,RSI Oversold,29FEB24,6,False,2,12.0
"22250CE, 22250PE",2024-02-23 12:27:00,311.5345,2024-02-23 13:08:00,309.86800000000005,2,75,124.98749999999887,46.730175,78.2573249999989,RSI Oversold,29FEB24,6,False,2,41.0
"22150CE, 22150PE",2024-02-26 13:17:00,274.6695,2024-02-26 13:30:00,273.60900000000004,2,75,79.5374999999982,41.200424999999996,38.33707499999821,RSI Oversold,29FEB24,3,False,2,13.0
"22150CE, 22150PE",2024-02-27 12:40:00,233.3605,2024-02-27 13:41:00,232.3,2,75,79.53749999999832,35.004075,44.533424999998715,RSI Oversold,29FEB24,2,False,2,61.0
"22150CE, 22150PE",2024-02-27 14:16:00,224.523,2024-02-27 14:29:00,219.877,2,75,348.4500000000004,33.678450000000005,314.77155000000005,RSI Oversold,29FEB24,2,False,2,13.0
"22200CE, 22200PE",2024-02-27 15:05:00,219.32150000000001,2024-02-27 15:18:00,214.322,2,75,374.96249999999884,32.898225,342.06427499999893,RSI Oversold,29FEB24,2,False,2,13.0
"22000CE, 22000PE",2024-02-29 09:34:00,150.086,2024-02-29 09:47:00,149.07600000000002,2,75,75.75000000000205,22.5129,53.2371000000021,RSI Oversold,29FEB24,0,True,2,13.0
"22000CE, 22000PE",2024-02-29 09:56:00,142.41,2024-02-29 10:10:00,152.813,2,75,-780.2249999999999,21.3615,-801.5864999999994,RSI Oversold,29FEB24,0,True,2,14.0
"22000CE, 22000PE",2024-02-29 11:15:00,119.9375,2024-02-29 11:29:00,135.6935,2,75,-1181.6999999999998,17.990625,-1199.690625,Stop Loss Hit,29FEB24,0,True,2,14.0
"21950CE, 21950PE",2024-02-29 12:45:00,96.4045,2024-02-29 13:56:00,77.366,2,75,1427.8874999999998,14.460675,1413.426825,Profit Target Hit,29FEB24,0,True,2,71.0
"22000CE, 22000PE",2024-02-29 14:45:00,58.2265,2024-02-29 14:58:00,65.5995,2,75,-552.9750000000004,8.733975000000001,-561.7089750000005,Stop Loss Hit,29FEB24,0,True,2,13.0
"22150CE, 22150PE",2024-03-01 09:44:00,339.61249999999995,2024-03-01 10:45:00,344.006,2,75,-329.5125000000013,50.941874999999996,-380.4543750000013,RSI Oversold,07MAR24,6,False,3,61.0
"22200CE, 22200PE",2024-03-01 11:11:00,332.49199999999996,2024-03-01 11:41:00,372.2355,2,75,-2980.7625000000016,49.8738,-3030.6363000000015,Stop Loss Hit,07MAR24,6,False,3,30.0
"22400CE, 22400PE",2024-03-04 10:26:00,270.983,2024-03-04 10:49:00,267.80150000000003,2,75,238.61249999999998,40.647450000000006,197.96504999999993,RSI Oversold,07MAR24,3,False,3,23.0
"22400CE, 22400PE",2024-03-04 12:39:00,259.1155,2024-03-04 12:49:00,254.97449999999998,2,75,310.5750000000014,38.867325,271.7076750000015,RSI Oversold,07MAR24,3,False,3,10.0
"22300CE, 22300PE",2024-03-05 11:33:00,210.989,2024-03-05 12:16:00,207.6055,2,75,253.7624999999997,31.648350000000004,222.11414999999977,RSI Oversold,07MAR24,2,False,3,43.0
"22400CE, 22400PE",2024-03-05 12:52:00,198.8185,2024-03-05 13:14:00,201.8485,2,75,-227.25000000000216,29.822775,-257.0727750000022,RSI Oversold,07MAR24,2,False,3,22.0
"22350CE, 22350PE",2024-03-06 10:17:00,174.12400000000002,2024-03-06 10:30:00,181.8505,2,75,-579.4874999999997,26.1186,-605.6060999999997,RSI Oversold,07MAR24,1,False,3,13.0
"22250CE, 22250PE",2024-03-06 12:31:00,168.36700000000002,2024-03-06 13:42:00,190.587,2,75,-1666.499999999999,25.255050000000004,-1691.7550499999993,Stop Loss Hit,07MAR24,1,False,3,71.0
"22300CE, 22300PE",2024-03-06 13:43:00,169.983,2024-03-06 13:52:00,188.87,2,75,-1416.5250000000008,25.49745,-1442.022450000001,Stop Loss Hit,07MAR24,1,False,3,9.0
"22450CE, 22450PE",2024-03-06 14:31:00,143.723,2024-03-06 14:42:00,164.226,2,75,-1537.7250000000004,21.55845,-1559.2834500000001,Stop Loss Hit,07MAR24,1,False,3,11.0
"22500CE, 22500PE",2024-03-07 11:04:00,66.66,2024-03-07 11:41:00,57.216499999999996,2,75,708.2624999999998,9.999,698.2634999999998,RSI Oversold,07MAR24,0,True,3,37.0
"22500CE, 22500PE",2024-03-07 13:04:00,53.2775,2024-03-07 13:18:00,47.4195,2,75,439.34999999999974,7.991624999999999,431.35837499999974,RSI Oversold,07MAR24,0,True,3,14.0
"22400CE, 22400PE",2024-03-11 12:39:00,247.6015,2024-03-11 13:45:00,245.329,2,75,170.43750000000057,37.140225,133.29727500000058,RSI Oversold,14MAR24,3,False,3,66.0
"22400CE, 22400PE",2024-03-12 09:36:00,222.70499999999998,2024-03-12 10:31:00,218.10950000000003,2,75,344.6624999999981,33.40575,311.25674999999796,RSI Oversold,14MAR24,2,False,3,55.0
"22400CE, 22400PE",2024-03-12 12:12:00,207.353,2024-03-12 12:48:00,209.7265,2,75,-178.0125000000005,31.10295,-209.11545000000046,RSI Oversold,14MAR24,2,False,3,36.0
"22050CE, 22050PE",2024-03-14 10:35:00,99.03049999999999,2024-03-14 11:04:00,90.294,2,75,655.2374999999996,14.854575,640.3829249999998,RSI Oversold,14MAR24,0,True,3,29.0
"22150CE, 22150PE",2024-03-14 11:33:00,82.517,2024-03-14 11:43:00,104.0805,2,75,-1617.2624999999994,12.37755,-1629.6400499999997,Stop Loss Hit,14MAR24,0,True,3,10.0
"22150CE, 22150PE",2024-03-14 13:04:00,73.72999999999999,2024-03-14 13:33:00,58.479,2,75,1143.8249999999994,11.059500000000002,1132.7654999999997,Profit Target Hit,14MAR24,0,True,3,29.0
"22000CE, 22000PE",2024-03-15 10:48:00,320.27099999999996,2024-03-15 11:01:00,323.301,2,75,-227.2500000000025,48.04065,-275.2906500000024,RSI Oversold,21MAR24,6,False,3,13.0
"21950CE, 21950PE",2024-03-15 12:49:00,314.716,2024-03-15 14:06:00,313.302,2,75,106.04999999999927,47.2074,58.84259999999904,RSI Oversold,21MAR24,6,False,3,77.0
"22000CE, 22000PE",2024-03-18 11:38:00,269.97299999999996,2024-03-18 12:43:00,276.1845,2,75,-465.8625000000002,40.49595,-506.3584500000002,RSI Oversold,21MAR24,3,False,3,65.0
"21900CE, 21900PE",2024-03-19 11:20:00,238.5115,2024-03-19 11:34:00,238.30949999999999,2,75,15.150000000002024,35.776725,-20.626724999998032,RSI Oversold,21MAR24,2,False,3,14.0
"21800CE, 21800PE",2024-03-20 10:59:00,183.315,2024-03-20 11:23:00,179.07299999999998,2,75,318.1500000000003,27.49725,290.65275000000037,RSI Oversold,21MAR24,1,False,3,24.0
"21850CE, 21850PE",2024-03-20 11:42:00,179.376,2024-03-20 12:07:00,174.12400000000002,2,75,393.89999999999964,26.906400000000005,366.9935999999996,RSI Oversold,21MAR24,1,False,3,25.0
"21900CE, 21900PE",2024-03-20 13:11:00,165.1855,2024-03-20 13:34:00,158.57,2,75,496.16249999999974,24.777825,471.3846749999998,RSI Oversold,21MAR24,1,False,3,23.0
"22050CE, 22050PE",2024-03-21 10:05:00,90.1425,2024-03-21 10:25:00,76.7095,2,75,1007.4749999999995,13.521375,993.9536249999995,RSI Oversold,21MAR24,0,True,3,20.0
"22000CE, 22000PE",2024-03-22 10:00:00,265.6805,2024-03-22 10:19:00,296.8895,2,75,-2340.675000000001,39.852075,-2380.527075000001,Stop Loss Hit,28MAR24,6,False,3,19.0
"22050CE, 22050PE",2024-03-22 10:20:00,290.8295,2024-03-22 12:17:00,284.3655,2,75,484.7999999999999,43.624425,441.17557499999987,RSI Oversold,28MAR24,6,False,3,117.0
"22100CE, 22100PE",2024-03-22 13:02:00,278.9115,2024-03-22 13:15:00,270.5285,2,75,628.7250000000007,41.836725,586.8882750000007,RSI Oversold,28MAR24,6,False,3,13.0
"22150CE, 22150PE",2024-03-22 14:18:00,269.56899999999996,2024-03-22 14:38:00,256.9945,2,75,943.0874999999988,40.43535,902.6521499999989,RSI Oversold,28MAR24,6,False,3,20.0
"22050CE, 22050PE",2024-03-26 10:30:00,226.341,2024-03-26 10:44:00,220.98799999999997,2,75,401.4750000000025,33.951150000000005,367.52385000000265,RSI Oversold,28MAR24,2,False,3,14.0
"22150CE, 22150PE",2024-03-27 10:01:00,169.9325,2024-03-27 10:29:00,166.65,2,75,246.18750000000043,25.489874999999998,220.69762500000041,RSI Oversold,28MAR24,1,False,3,28.0
"22150CE, 22150PE",2024-03-27 13:36:00,140.64249999999998,2024-03-27 14:33:00,133.219,2,75,556.7624999999992,21.096375000000002,535.6661249999993,RSI Oversold,28MAR24,1,False,3,57.0
"22250CE, 22250PE",2024-03-28 09:45:00,104.8885,2024-03-28 09:49:00,127.664,2,75,-1708.1625000000001,15.733275,-1723.895775,Stop Loss Hit,28MAR24,0,True,3,4.0
"22300CE, 22300PE",2024-03-28 09:50:00,116.7055,2024-03-28 10:29:00,98.273,2,75,1382.4374999999998,17.505825,1364.9316749999998,RSI Oversold,28MAR24,0,True,3,39.0
"22350CE, 22350PE",2024-03-28 10:38:00,110.7465,2024-03-28 10:54:00,99.182,2,75,867.3375000000001,16.611975,850.7255250000001,RSI Oversold,28MAR24,0,True,3,16.0
"22400CE, 22400PE",2024-03-28 12:37:00,116.756,2024-03-28 12:39:00,93.223,2,75,1764.9750000000004,17.5134,1747.4616,Profit Target Hit,28MAR24,0,True,3,2.0
"22450CE, 22450PE",2024-03-28 14:15:00,79.0325,2024-03-28 14:20:00,94.2835,2,75,-1143.8249999999996,11.854875000000002,-1155.6798749999996,Stop Loss Hit,28MAR24,0,True,3,5.0
"22450CE, 22450PE",2024-04-01 13:31:00,226.5935,2024-04-01 14:20:00,226.442,2,75,11.362500000000978,33.98902500000001,-22.626524999998992,RSI Oversold,04APR24,3,False,4,49.0
"22500CE, 22500PE",2024-04-02 09:34:00,214.524,2024-04-02 09:47:00,207.8075,2,75,503.73750000000086,32.1786,471.5589000000009,RSI Oversold,04APR24,2,False,4,13.0
"22450CE, 22450PE",2024-04-02 14:55:00,174.3765,2024-04-02 15:21:00,173.3665,2,75,75.74999999999933,26.156475,49.593524999999346,EOD,04APR24,2,False,4,26.0
"22400CE, 22400PE",2024-04-03 10:04:00,160.5395,2024-04-03 10:38:00,147.0055,2,75,1015.0499999999993,24.080925000000004,990.9690749999991,RSI Oversold,04APR24,1,False,4,34.0
"22450CE, 22450PE",2024-04-03 12:12:00,136.148,2024-04-03 12:47:00,154.025,2,75,-1340.7750000000008,20.422199999999997,-1361.197200000001,Stop Loss Hit,04APR24,1,False,4,35.0
"22500CE, 22500PE",2024-04-03 12:52:00,147.864,2024-04-03 13:05:00,136.29949999999997,2,75,867.3375000000021,22.1796,845.1579000000021,RSI Oversold,04APR24,1,False,4,13.0
"22400CE, 22400PE",2024-04-04 11:15:00,114.13,2024-04-04 11:33:00,94.536,2,75,1469.5499999999997,17.1195,1452.4304999999995,RSI Oversold,04APR24,0,True,4,18.0
"22400CE, 22400PE",2024-04-04 11:50:00,103.727,2024-04-04 12:03:00,97.01050000000001,2,75,503.7374999999992,15.55905,488.17844999999915,RSI Oversold,04APR24,0,True,4,13.0
"22450CE, 22450PE",2024-04-04 12:44:00,92.61699999999999,2024-04-04 13:25:00,108.777,2,75,-1212.0,13.89255,-1225.89255,Stop Loss Hit,04APR24,0,True,4,41.0
"22550CE, 22550PE",2024-04-04 13:28:00,76.60849999999999,2024-04-04 13:32:00,87.1125,2,75,-787.7999999999997,11.491275,-799.2912749999994,Stop Loss Hit,04APR24,0,True,4,4.0
"22500CE, 22500PE",2024-04-05 10:26:00,261.53950000000003,2024-04-05 12:26:00,246.2885,2,75,1143.8250000000025,39.230925000000006,1104.5940750000025,Hold Time Exceeded,10APR24,5,False,4,120.0
"22500CE, 22500PE",2024-04-05 14:01:00,241.44050000000001,2024-04-05 14:14:00,238.663,2,75,208.31250000000136,36.216075000000004,172.09642500000132,RSI Oversold,10APR24,5,False,4,13.0
"22650CE, 22650PE",2024-04-08 10:14:00,207.656,2024-04-08 10:27:00,200.99,2,75,499.94999999999976,31.148400000000002,468.8015999999998,RSI Oversold,10APR24,2,False,4,13.0
"22700CE, 22700PE",2024-04-08 13:05:00,187.86,2024-04-08 13:27:00,184.123,2,75,280.27499999999964,28.179000000000002,252.09599999999955,RSI Oversold,10APR24,2,False,4,22.0
"22700CE, 22700PE",2024-04-08 14:35:00,177.9115,2024-04-08 14:48:00,176.851,2,75,79.5374999999982,26.686725000000003,52.85077499999829,RSI Oversold,10APR24,2,False,4,13.0
"22700CE, 22700PE",2024-04-10 11:05:00,66.5085,2024-04-10 11:17:00,61.6605,2,75,363.60000000000076,9.976275000000001,353.6237250000007,RSI Oversold,10APR24,0,True,4,12.0
"22750CE, 22750PE",2024-04-10 13:23:00,57.266999999999996,2024-04-10 13:56:00,45.147,2,75,909.0,8.59005,900.40995,Profit Target Hit,10APR24,0,True,4,33.0
"22700CE, 22700PE",2024-04-12 11:18:00,233.0575,2024-04-12 12:16:00,230.2295,2,75,212.10000000000127,34.958625000000005,177.1413750000013,RSI Oversold,18APR24,6,False,4,58.0
"22350CE, 22350PE",2024-04-15 09:58:00,246.3895,2024-04-15 11:09:00,249.67200000000003,2,75,-246.1875,36.958425,-283.14592500000003,RSI Oversold,18APR24,3,False,4,71.0
"22350CE, 22350PE",2024-04-15 13:28:00,215.7865,2024-04-15 14:14:00,211.7465,2,75,303.00000000000045,32.367975,270.63202500000045,RSI Oversold,18APR24,3,False,4,46.0
"22200CE, 22200PE",2024-04-16 11:24:00,162.9635,2024-04-16 11:36:00,159.12550000000002,2,75,287.84999999999854,24.444525,263.40547499999855,RSI Oversold,18APR24,2,False,4,12.0
"22150CE, 22150PE",2024-04-16 14:05:00,158.2165,2024-04-16 14:21:00,156.2975,2,75,143.92500000000086,23.732475000000004,120.19252500000084,RSI Oversold,18APR24,2,False,4,16.0
"22150CE, 22150PE",2024-04-16 15:12:00,155.54000000000002,2024-04-16 15:21:00,163.014,2,75,-560.5499999999992,23.331,-583.8809999999992,EOD,18APR24,2,False,4,9.0
"22200CE, 22200PE",2024-04-18 10:37:00,83.0725,2024-04-18 10:50:00,86.05199999999999,2,75,-223.46249999999986,12.460875000000001,-235.92337499999996,RSI Oversold,18APR24,0,True,4,13.0
"22200CE, 22200PE",2024-04-18 11:04:00,75.3965,2024-04-18 11:06:00,89.082,2,75,-1026.4125,11.309475,-1037.721975,Stop Loss Hit,18APR24,0,True,4,2.0
"22250CE, 22250PE",2024-04-18 11:07:00,86.557,2024-04-18 11:11:00,99.88900000000001,2,75,-999.8999999999997,12.983550000000001,-1012.8835500000001,Stop Loss Hit,18APR24,0,True,4,4.0
"22300CE, 22300PE",2024-04-18 11:59:00,78.1235,2024-04-18 13:27:00,236.5925,2,75,-11885.175,11.718525,-11896.893525,Stop Loss Hit,18APR24,0,True,4,88.0
"21900CE, 21900PE",2024-04-19 11:28:00,345.5715,2024-04-19 12:51:00,384.10299999999995,2,75,-2889.8624999999975,51.835725,-2941.6982249999974,Stop Loss Hit,25APR24,6,False,4,83.0
"22100CE, 22100PE",2024-04-19 13:50:00,343.4,2024-04-19 14:24:00,337.744,2,75,424.1999999999981,51.510000000000005,372.6899999999981,RSI Oversold,25APR24,6,False,4,34.0
"22250CE, 22250PE",2024-04-22 10:42:00,259.8225,2024-04-22 12:12:00,261.59,2,75,-132.56249999999886,38.973375000000004,-171.5358749999989,RSI Oversold,25APR24,3,False,4,90.0
"22300CE, 22300PE",2024-04-22 14:43:00,241.13750000000002,2024-04-22 15:21:00,240.279,2,75,64.38750000000141,36.170625,28.216875000001437,EOD,25APR24,3,False,4,38.0
"22400CE, 22400PE",2024-04-23 11:18:00,191.39499999999998,2024-04-23 12:45:00,182.3555,2,75,677.9625000000002,28.70925,649.2532500000002,RSI Oversold,25APR24,2,False,4,87.0
"22400CE, 22400PE",2024-04-23 14:05:00,177.76,2024-04-23 14:34:00,175.7905,2,75,147.71250000000077,26.664,121.04850000000073,RSI Oversold,25APR24,2,False,4,29.0
"22450CE, 22450PE",2024-04-24 09:48:00,146.7025,2024-04-24 10:55:00,144.0765,2,75,196.9499999999996,22.005375,174.94462499999963,RSI Oversold,25APR24,1,False,4,67.0
"22350CE, 22350PE",2024-04-25 09:36:00,124.53299999999999,2024-04-25 10:14:00,158.51950000000002,2,75,-2548.9875000000006,18.679949999999998,-2567.667450000001,Stop Loss Hit,25APR24,0,True,4,38.0
"22450CE, 22450PE",2024-04-25 10:15:00,118.1195,2024-04-25 10:32:00,106.55499999999999,2,75,867.3375000000008,17.717925,849.6195750000007,RSI Oversold,25APR24,0,True,4,17.0
"22400CE, 22400PE",2024-04-25 11:08:00,106.656,2024-04-25 12:08:00,95.041,2,75,871.1250000000013,15.9984,855.1266000000012,RSI Oversold,25APR24,0,True,4,60.0
"22450CE, 22450PE",2024-04-25 13:00:00,127.86600000000001,2024-04-25 13:32:00,114.231,2,75,1022.625000000001,19.1799,1003.4451000000009,RSI Oversold,25APR24,0,True,4,32.0
"22500CE, 22500PE",2024-04-25 13:45:00,115.29150000000001,2024-04-25 13:51:00,129.7345,2,75,-1083.2249999999997,17.293725000000002,-1100.5187249999997,Stop Loss Hit,25APR24,0,True,4,6.0
"22450CE, 22450PE",2024-04-26 14:17:00,269.51849999999996,2024-04-26 14:30:00,267.65,2,75,140.13749999999754,40.427775,99.70972499999743,RSI Oversold,02MAY24,6,False,4,13.0
"22500CE, 22500PE",2024-04-29 10:19:00,230.0275,2024-04-29 10:44:00,235.83499999999998,2,75,-435.5624999999993,34.504125,-470.0666249999992,RSI Oversold,02MAY24,3,False,4,25.0
"22550CE, 22550PE",2024-04-29 11:44:00,221.5435,2024-04-29 12:15:00,221.796,2,75,-18.9374999999998,33.231525000000005,-52.169024999999834,RSI Oversold,02MAY24,3,False,4,31.0
"22600CE, 22600PE",2024-04-29 13:24:00,214.928,2024-04-29 13:51:00,217.15000000000003,2,75,-166.65000000000063,32.239200000000004,-198.8892000000006,RSI Oversold,02MAY24,3,False,4,27.0
"22700CE, 22700PE",2024-04-30 09:41:00,188.264,2024-04-30 11:05:00,182.608,2,75,424.19999999999925,28.239600000000003,395.96039999999937,RSI Oversold,02MAY24,2,False,4,84.0
"22750CE, 22750PE",2024-04-30 14:03:00,157.459,2024-04-30 14:41:00,154.98450000000003,2,75,185.58749999999895,23.618850000000002,161.9686499999989,RSI Oversold,02MAY24,2,False,4,38.0
"22650CE, 22650PE",2024-05-02 09:46:00,115.4935,2024-05-02 09:59:00,106.252,2,75,693.1124999999997,17.324025,675.7884749999998,RSI Oversold,02MAY24,0,True,5,13.0
"22650CE, 22650PE",2024-05-02 10:08:00,112.211,2024-05-02 11:08:00,105.54499999999999,2,75,499.95000000000056,16.83165,483.11835000000053,RSI Oversold,02MAY24,0,True,5,60.0
"22700CE, 22700PE",2024-05-02 11:33:00,89.58699999999999,2024-05-02 11:46:00,83.07249999999999,2,75,488.58749999999986,13.43805,475.1494500000001,RSI Oversold,02MAY24,0,True,5,13.0
"22550CE, 22550PE",2024-05-03 12:42:00,304.7675,2024-05-03 12:52:00,308.555,2,75,-284.06250000000136,45.715125,-329.77762500000154,RSI Oversold,09MAY24,6,False,5,10.0
"22450CE, 22450PE",2024-05-03 13:29:00,312.09,2024-05-03 13:39:00,325.119,2,75,-977.1750000000015,46.813500000000005,-1023.9885000000017,RSI Oversold,09MAY24,6,False,5,10.0
"22450CE, 22450PE",2024-05-03 14:17:00,306.48449999999997,2024-05-03 15:21:00,292.5465,2,75,1045.3499999999992,45.972674999999995,999.377324999999,EOD,09MAY24,6,False,5,64.0
"22500CE, 22500PE",2024-05-06 10:40:00,276.639,2024-05-06 11:19:00,269.5185,2,75,534.0374999999995,41.495850000000004,492.54164999999944,RSI Oversold,09MAY24,3,False,5,39.0
"22500CE, 22500PE",2024-05-06 14:47:00,252.298,2024-05-06 15:00:00,256.13599999999997,2,75,-287.8499999999997,37.8447,-325.6946999999998,RSI Oversold,09MAY24,3,False,5,13.0
"22300CE, 22300PE",2024-05-08 10:09:00,194.829,2024-05-08 10:22:00,193.011,2,75,136.3499999999999,29.22435,107.12564999999995,RSI Oversold,09MAY24,1,False,5,13.0
"22250CE, 22250PE",2024-05-08 10:57:00,180.79,2024-05-08 11:49:00,201.29300000000003,2,75,-1537.7250000000026,27.118499999999997,-1564.8435000000018,Stop Loss Hit,09MAY24,1,False,5,52.0
"22300CE, 22300PE",2024-05-08 12:09:00,190.7385,2024-05-08 12:33:00,188.0115,2,75,204.52500000000086,28.610775,175.91422500000084,RSI Oversold,09MAY24,1,False,5,24.0
"22100CE, 22100PE",2024-05-10 09:54:00,336.1785,2024-05-10 10:31:00,324.2605,2,75,893.8500000000026,50.426775000000006,843.4232250000026,RSI Oversold,16MAY24,6,False,5,37.0
"22100CE, 22100PE",2024-05-10 11:25:00,320.574,2024-05-10 11:37:00,317.3925,2,75,238.61250000000223,48.0861,190.52640000000213,RSI Oversold,16MAY24,6,False,5,12.0
"22050CE, 22050PE",2024-05-10 13:31:00,308.2015,2024-05-10 14:05:00,308.1005,2,75,7.575000000002049,46.230225000000004,-38.65522499999793,RSI Oversold,16MAY24,6,False,5,34.0
"22050CE, 22050PE",2024-05-10 15:02:00,305.525,2024-05-10 15:21:00,301.283,2,75,318.14999999999924,45.82875,272.3212499999992,EOD,16MAY24,6,False,5,19.0
"21900CE, 21900PE",2024-05-13 11:10:00,288.05199999999996,2024-05-13 13:10:00,294.415,2,75,-477.2250000000022,43.207800000000006,-520.4328000000023,Hold Time Exceeded,16MAY24,3,False,5,120.0
"22050CE, 22050PE",2024-05-13 13:50:00,255.53,2024-05-13 15:03:00,248.91449999999998,2,75,496.1625000000017,38.329499999999996,457.8330000000019,RSI Oversold,16MAY24,3,False,5,73.0
"22150CE, 22150PE",2024-05-14 11:07:00,221.19,2024-05-14 11:29:00,216.9985,2,75,314.3625000000004,33.1785,281.1840000000001,RSI Oversold,16MAY24,2,False,5,22.0
"22200CE, 22200PE",2024-05-14 11:48:00,210.13049999999998,2024-05-14 13:48:00,207.858,2,75,170.4375,31.519575000000003,138.9179250000002,Hold Time Exceeded,16MAY24,2,False,5,120.0
"22250CE, 22250PE",2024-05-14 14:03:00,206.848,2024-05-14 14:16:00,200.8385,2,75,450.71249999999986,31.0272,419.6853000000002,RSI Oversold,16MAY24,2,False,5,13.0
"22300CE, 22300PE",2024-05-15 09:46:00,178.46699999999998,2024-05-15 09:58:00,177.3055,2,75,87.11250000000041,26.770049999999998,60.342450000000326,RSI Oversold,16MAY24,1,False,5,12.0
"22200CE, 22200PE",2024-05-15 10:55:00,181.497,2024-05-15 11:27:00,171.95250000000001,2,75,715.8374999999983,27.22455,688.6129499999986,RSI Oversold,16MAY24,1,False,5,32.0
"22200CE, 22200PE",2024-05-15 11:58:00,167.4075,2024-05-15 12:12:00,166.09449999999998,2,75,98.4750000000002,25.111125,73.36387500000018,RSI Oversold,16MAY24,1,False,5,14.0
"22250CE, 22250PE",2024-05-16 12:09:00,132.5625,2024-05-16 12:13:00,106.8075,2,75,1931.6250000000007,19.884375000000002,1911.7406250000008,Profit Target Hit,16MAY24,0,True,5,4.0
"22300CE, 22300PE",2024-05-16 12:15:00,101.9595,2024-05-16 12:26:00,114.43299999999999,2,75,-935.5124999999996,15.293925000000002,-950.8064249999993,Stop Loss Hit,16MAY24,0,True,5,11.0
"22150CE, 22150PE",2024-05-16 14:25:00,67.973,2024-05-16 14:37:00,53.7825,2,75,1064.2874999999997,10.19595,1054.0915499999996,Profit Target Hit,16MAY24,0,True,5,12.0
"22300CE, 22300PE",2024-05-16 14:53:00,61.206,2024-05-16 14:54:00,68.68,2,75,-560.5499999999997,9.180900000000001,-569.7308999999998,Stop Loss Hit,16MAY24,0,True,5,1.0
"22400CE, 22400PE",2024-05-17 09:59:00,299.41450000000003,2024-05-17 11:26:00,300.37399999999997,2,75,-71.962499999996,44.912175000000005,-116.87467499999605,RSI Oversold,23MAY24,6,False,5,87.0
"22500CE, 22500PE",2024-05-21 11:04:00,222.75549999999998,2024-05-21 12:28:00,220.281,2,75,185.5874999999994,33.413325,152.17417499999942,RSI Oversold,23MAY24,2,False,5,84.0
"22600CE, 22600PE",2024-05-21 13:00:00,204.7775,2024-05-21 13:25:00,205.636,2,75,-64.38749999999959,30.716625000000004,-95.10412499999939,RSI Oversold,23MAY24,2,False,5,25.0
"22550CE, 22550PE",2024-05-22 10:54:00,180.992,2024-05-22 11:07:00,174.78050000000002,2,75,465.86249999999995,27.1488,438.7137,RSI Oversold,23MAY24,1,False,5,13.0
"22550CE, 22550PE",2024-05-22 11:54:00,167.96300000000002,2024-05-22 13:46:00,160.0345,2,75,594.6375,25.19445,569.4430500000001,RSI Oversold,23MAY24,1,False,5,112.0
"22650CE, 22650PE",2024-05-23 09:35:00,147.9145,2024-05-23 10:35:00,144.43,2,75,261.337500000001,22.187175000000003,239.15032500000052,RSI Oversold,23MAY24,0,True,5,60.0
"22750CE, 22750PE",2024-05-23 11:58:00,130.13850000000002,2024-05-23 12:30:00,155.0855,2,75,-1871.0249999999983,19.520775,-1890.5457749999982,Stop Loss Hit,23MAY24,0,True,5,32.0
"22850CE, 22850PE",2024-05-23 12:38:00,137.461,2024-05-23 13:14:00,110.0395,2,75,2056.6125,20.61915,2035.9933499999997,Profit Target Hit,23MAY24,0,True,5,36.0
"22900CE, 22900PE",2024-05-23 14:15:00,79.73949999999999,2024-05-23 14:39:00,65.145,2,75,1094.5875000000008,11.960925000000001,1082.626575000001,RSI Oversold,23MAY24,0,True,5,24.0
"22950CE, 22950PE",2024-05-24 10:24:00,341.784,2024-05-24 12:11:00,332.28999999999996,2,75,712.0500000000021,51.2676,660.7824000000021,RSI Oversold,30MAY24,6,False,5,107.0
"23000CE, 23000PE",2024-05-24 12:35:00,323.1495,2024-05-24 14:34:00,316.68550000000005,2,75,484.7999999999978,48.472425,436.32757499999775,RSI Oversold,30MAY24,6,False,5,119.0
"23000CE, 23000PE",2024-05-27 11:42:00,280.62850000000003,2024-05-27 12:18:00,314.9685,2,75,-2575.4999999999995,42.094274999999996,-2617.5942749999995,Stop Loss Hit,30MAY24,3,False,5,36.0
"22950CE, 22950PE",2024-05-28 12:53:00,239.2185,2024-05-28 13:34:00,232.906,2,75,473.4375,35.882774999999995,437.5547250000001,RSI Oversold,30MAY24,2,False,5,41.0
"22800CE, 22800PE",2024-05-29 12:48:00,193.011,2024-05-29 13:03:00,191.49599999999998,2,75,113.625,28.95165,84.67335000000003,RSI Oversold,30MAY24,1,False,5,15.0
"22800CE, 22800PE",2024-05-29 13:19:00,191.597,2024-05-29 14:01:00,185.8905,2,75,427.98750000000075,28.73955,399.2479500000006,RSI Oversold,30MAY24,1,False,5,42.0
"22550CE, 22550PE",2024-05-31 12:53:00,778.306,2024-05-31 14:18:00,815.4235,2,75,-2783.8124999999964,116.7459,-2900.5583999999963,RSI Oversold,06JUN24,6,False,5,85.0
"22550CE, 22550PE",2024-05-31 15:01:00,879.8109999999999,2024-05-31 15:21:00,856.1265000000001,2,75,1776.337500000001,131.97165,1644.3658500000008,EOD,06JUN24,6,False,5,20.0
"22800CE, 22800PE",2024-06-04 09:57:00,737.8050000000001,2024-06-04 10:02:00,820.4735000000001,2,75,-6200.137499999995,110.67075,-6310.808249999996,Stop Loss Hit,06JUN24,2,False,6,5.0
"22100CE, 22100PE",2024-06-04 13:21:00,841.3299999999999,2024-06-04 14:06:00,767.1455000000001,2,75,5563.837499999998,126.1995,5437.637999999997,RSI Oversold,06JUN24,2,False,6,45.0
"22050CE, 22050PE",2024-06-05 10:10:00,370.1145,2024-06-05 10:27:00,387.94100000000003,2,75,-1336.9875000000002,55.517174999999995,-1392.5046750000004,RSI Oversold,06JUN24,1,False,6,17.0
"22150CE, 22150PE",2024-06-05 10:51:00,355.3685,2024-06-05 11:14:00,398.546,2,75,-3238.312499999999,53.305275,-3291.617774999999,Stop Loss Hit,06JUN24,1,False,6,23.0
"22500CE, 22500PE",2024-06-05 14:00:00,355.722,2024-06-05 14:16:00,353.601,2,75,159.07500000000073,53.3583,105.71670000000074,RSI Oversold,06JUN24,1,False,6,16.0
"22650CE, 22650PE",2024-06-05 14:49:00,369.8115,2024-06-05 15:16:00,332.18899999999996,2,75,2821.6875000000023,55.471725000000006,2766.2157750000024,RSI Oversold,06JUN24,1,False,6,27.0
"22850CE, 22850PE",2024-06-06 13:42:00,135.44099999999997,2024-06-06 13:49:00,157.8125,2,75,-1677.8624999999997,20.31615,-1698.1786499999994,Stop Loss Hit,06JUN24,0,True,6,7.0
"23050CE, 23050PE",2024-06-07 10:40:00,435.916,2024-06-07 10:54:00,435.31,2,75,45.44999999999959,65.3874,-19.937400000000366,RSI Oversold,13JUN24,6,False,6,14.0
"23100CE, 23100PE",2024-06-07 11:07:00,431.472,2024-06-07 11:21:00,431.11850000000004,2,75,26.512499999999818,64.7208,-38.20830000000012,RSI Oversold,13JUN24,6,False,6,14.0
"23100CE, 23100PE",2024-06-07 11:36:00,437.7845,2024-06-07 11:53:00,500.00050000000005,2,75,-4666.200000000001,65.667675,-4731.8676749999995,Stop Loss Hit,13JUN24,6,False,6,17.0
"23200CE, 23200PE",2024-06-07 13:38:00,457.429,2024-06-07 14:00:00,446.62199999999996,2,75,810.5249999999992,68.61435,741.9106499999991,RSI Oversold,13JUN24,6,False,6,22.0
"23300CE, 23300PE",2024-06-07 14:52:00,428.5935,2024-06-07 15:21:00,417.029,2,75,867.3375000000008,64.28902500000001,803.0484750000007,EOD,13JUN24,6,False,6,29.0
"23350CE, 23350PE",2024-06-10 13:44:00,360.1155,2024-06-10 14:17:00,345.2685,2,75,1113.5250000000005,54.01732500000001,1059.5076750000007,RSI Oversold,13JUN24,3,False,6,33.0
"23350CE, 23350PE",2024-06-11 12:55:00,252.0455,2024-06-11 14:02:00,252.7525,2,75,-53.025000000001455,37.806825,-90.8318250000018,RSI Oversold,13JUN24,2,False,6,67.0
"23400CE, 23400PE",2024-06-12 09:41:00,203.3635,2024-06-12 11:08:00,191.9,2,75,859.7624999999996,30.504525,829.2579749999998,RSI Oversold,13JUN24,1,False,6,87.0
"23400CE, 23400PE",2024-06-12 13:06:00,172.811,2024-06-12 13:19:00,171.1445,2,75,124.98750000000098,25.92165,99.06585000000103,RSI Oversold,13JUN24,1,False,6,13.0
"23400CE, 23400PE",2024-06-13 11:48:00,62.31699999999999,2024-06-13 12:07:00,58.2265,2,75,306.7874999999998,9.34755,297.43994999999984,RSI Oversold,13JUN24,0,True,6,19.0
"23400CE, 23400PE",2024-06-13 13:11:00,51.005,2024-06-13 13:24:00,44.238,2,75,507.52500000000015,7.650750000000001,499.8742500000002,RSI Oversold,13JUN24,0,True,6,13.0
"23400CE, 23400PE",2024-06-14 10:01:00,259.2165,2024-06-14 10:52:00,255.22699999999998,2,75,299.2125000000027,38.882475,260.3300250000027,RSI Oversold,20JUN24,6,False,6,51.0
"23450CE, 23450PE",2024-06-14 14:34:00,234.5725,2024-06-14 15:16:00,232.4515,2,75,159.0749999999997,35.185874999999996,123.8891249999997,RSI Oversold,20JUN24,6,False,6,42.0
"23500CE, 23500PE",2024-06-19 11:00:00,168.771,2024-06-19 12:07:00,164.9835,2,75,284.06249999999864,25.315649999999998,258.74684999999874,RSI Oversold,20JUN24,1,False,6,67.0
"23600CE, 23600PE",2024-06-19 14:23:00,153.21699999999998,2024-06-19 14:35:00,170.3365,2,75,-1283.9625,22.98255,-1306.9450499999998,Stop Loss Hit,20JUN24,1,False,6,12.0
"23650CE, 23650PE",2024-06-19 14:36:00,168.67,2024-06-19 14:50:00,157.661,2,75,825.674999999999,25.3005,800.3744999999993,RSI Oversold,20JUN24,1,False,6,14.0
"23550CE, 23550PE",2024-06-20 11:03:00,91.304,2024-06-20 11:16:00,87.668,2,75,272.7000000000003,13.6956,259.00440000000026,RSI Oversold,20JUN24,0,True,6,13.0
"23550CE, 23550PE",2024-06-20 11:46:00,72.821,2024-06-20 12:31:00,60.70100000000001,2,75,908.9999999999999,10.92315,898.0768499999998,RSI Oversold,20JUN24,0,True,6,45.0
"23550CE, 23550PE",2024-06-20 12:56:00,60.297,2024-06-20 13:15:00,52.974500000000006,2,75,549.1874999999999,9.044550000000001,540.1429499999999,RSI Oversold,20JUN24,0,True,6,19.0
"23600CE, 23600PE",2024-06-20 13:21:00,70.599,2024-06-20 13:28:00,84.1835,2,75,-1018.8374999999999,10.58985,-1029.4273499999997,Stop Loss Hit,20JUN24,0,True,6,7.0
"23600CE, 23600PE",2024-06-20 14:16:00,63.1755,2024-06-20 14:33:00,54.994499999999995,2,75,613.5749999999999,9.476325000000001,604.0986749999998,RSI Oversold,20JUN24,0,True,6,17.0
"23600CE, 23600PE",2024-06-21 10:02:00,266.9935,2024-06-21 10:14:00,266.438,2,75,41.66249999999968,40.049025,1.6134749999995392,RSI Oversold,27JUN24,6,False,6,12.0
"23500CE, 23500PE",2024-06-21 13:24:00,273.1545,2024-06-21 14:18:00,263.913,2,75,693.1124999999988,40.973175,652.1393249999992,RSI Oversold,27JUN24,6,False,6,54.0
"23450CE, 23450PE",2024-06-24 09:56:00,249.41950000000003,2024-06-24 11:19:00,279.92150000000004,2,75,-2287.65,37.412925,-2325.062924999999,Stop Loss Hit,27JUN24,3,False,6,83.0
"23600CE, 23600PE",2024-06-25 09:48:00,215.534,2024-06-25 10:03:00,215.13,2,75,30.299999999999727,32.3301,-2.030100000000175,RSI Oversold,27JUN24,2,False,6,15.0
"23600CE, 23600PE",2024-06-25 10:47:00,202.202,2024-06-25 11:08:00,201.1415,2,75,79.53750000000036,30.3303,49.207200000000284,RSI Oversold,27JUN24,2,False,6,21.0
"23600CE, 23600PE",2024-06-25 11:49:00,198.1115,2024-06-25 12:40:00,224.67450000000002,2,75,-1992.225000000001,29.716725,-2021.9417250000015,Stop Loss Hit,27JUN24,2,False,6,51.0
"23700CE, 23700PE",2024-06-25 13:17:00,225.12900000000002,2024-06-25 13:32:00,218.66500000000002,2,75,484.8000000000011,33.76935,451.03065000000106,RSI Oversold,27JUN24,2,False,6,15.0
"23750CE, 23750PE",2024-06-26 10:19:00,187.254,2024-06-26 10:34:00,180.386,2,75,515.1000000000007,28.0881,487.0119000000007,RSI Oversold,27JUN24,1,False,6,15.0
"23750CE, 23750PE",2024-06-26 10:58:00,185.638,2024-06-26 11:35:00,220.079,2,75,-2583.0750000000007,27.8457,-2610.9207000000006,Stop Loss Hit,27JUN24,1,False,6,37.0
"23850CE, 23850PE",2024-06-26 13:57:00,170.993,2024-06-26 15:07:00,155.6915,2,75,1147.6125000000013,25.64895,1121.9635500000015,RSI Oversold,27JUN24,1,False,6,70.0
"23900CE, 23900PE",2024-06-27 09:58:00,131.3505,2024-06-27 10:07:00,147.00549999999998,2,75,-1174.1249999999984,19.702575000000003,-1193.8275749999984,Stop Loss Hit,27JUN24,0,True,6,9.0
"24000CE, 24000PE",2024-06-27 12:13:00,114.332,2024-06-27 12:28:00,116.049,2,75,-128.77500000000043,17.1498,-145.92480000000046,RSI Oversold,27JUN24,0,True,6,15.0
"24000CE, 24000PE",2024-06-27 12:52:00,126.8055,2024-06-27 13:03:00,119.9375,2,75,515.1000000000004,19.020825000000002,496.07917500000076,RSI Oversold,27JUN24,0,True,6,11.0
"24000CE, 24000PE",2024-06-27 14:47:00,64.43799999999999,2024-06-27 14:49:00,75.043,2,75,-795.3750000000006,9.6657,-805.0407000000002,Stop Loss Hit,27JUN24,0,True,6,2.0
"24150CE, 24150PE",2024-06-28 09:39:00,335.3705,2024-06-28 10:10:00,331.43149999999997,2,75,295.4250000000037,50.305575000000005,245.11942500000373,RSI Oversold,04JUL24,6,False,6,31.0
"24100CE, 24100PE",2024-06-28 14:08:00,313.504,2024-06-28 14:29:00,305.727,2,75,583.2750000000001,47.0256,536.2494,RSI Oversold,04JUL24,6,False,6,21.0
"24100CE, 24100PE",2024-07-01 09:43:00,281.083,2024-07-01 10:21:00,269.8215,2,75,844.6125000000019,42.16245000000001,802.450050000002,RSI Oversold,04JUL24,3,False,7,38.0
"24100CE, 24100PE",2024-07-01 11:30:00,270.5285,2024-07-01 12:41:00,261.13550000000004,2,75,704.4749999999967,40.579274999999996,663.8957249999968,RSI Oversold,04JUL24,3,False,7,71.0
"24150CE, 24150PE",2024-07-01 13:40:00,255.12599999999998,2024-07-01 14:36:00,248.66199999999998,2,75,484.8000000000002,38.2689,446.53110000000004,RSI Oversold,04JUL24,3,False,7,56.0
"24150CE, 24150PE",2024-07-02 11:00:00,226.03799999999998,2024-07-02 11:39:00,224.018,2,75,151.49999999999864,33.905699999999996,117.59429999999861,RSI Oversold,04JUL24,2,False,7,39.0
"24300CE, 24300PE",2024-07-03 09:45:00,190.082,2024-07-03 11:13:00,168.9225,2,75,1586.9625000000005,28.512300000000003,1558.4502000000007,RSI Oversold,04JUL24,1,False,7,88.0
"24400CE, 24400PE",2024-07-04 09:45:00,92.7685,2024-07-04 10:13:00,85.3955,2,75,552.9750000000005,13.915275000000001,539.0597250000005,RSI Oversold,04JUL24,0,True,7,28.0
"24200CE, 24200PE",2024-07-05 09:43:00,277.0935,2024-07-05 09:55:00,264.418,2,75,950.6625000000013,41.564025,909.0984750000009,RSI Oversold,11JUL24,6,False,7,12.0
"24250CE, 24250PE",2024-07-05 10:14:00,256.5905,2024-07-05 11:13:00,251.8435,2,75,356.025,38.488575,317.53642499999995,RSI Oversold,11JUL24,6,False,7,59.0
"24250CE, 24250PE",2024-07-05 11:32:00,255.17650000000003,2024-07-05 12:52:00,261.3375,2,75,-462.07499999999794,38.276475000000005,-500.351474999998,RSI Oversold,11JUL24,6,False,7,80.0
"24250CE, 24250PE",2024-07-05 15:01:00,248.35899999999998,2024-07-05 15:21:00,264.7715,2,75,-1230.937500000001,37.25385,-1268.191350000001,EOD,11JUL24,6,False,7,20.0
"24300CE, 24300PE",2024-07-08 13:55:00,214.9785,2024-07-08 14:21:00,211.99900000000002,2,75,223.46249999999907,32.246775,191.215724999999,RSI Oversold,11JUL24,3,False,7,26.0
"24400CE, 24400PE",2024-07-09 10:03:00,188.264,2024-07-09 10:15:00,186.9005,2,75,102.26250000000095,28.2396,74.0229000000013,RSI Oversold,11JUL24,2,False,7,12.0
"24400CE, 24400PE",2024-07-09 13:04:00,177.356,2024-07-09 13:51:00,176.6995,2,75,49.23750000000069,26.6034,22.63410000000067,RSI Oversold,11JUL24,2,False,7,47.0
"24450CE, 24450PE",2024-07-09 14:13:00,172.05349999999999,2024-07-09 14:26:00,167.35700000000003,2,75,352.237499999998,25.808025,326.429474999998,RSI Oversold,11JUL24,2,False,7,13.0
"24250CE, 24250PE",2024-07-10 11:42:00,170.8415,2024-07-10 13:42:00,158.8225,2,75,901.4249999999993,25.626224999999998,875.7987749999992,Hold Time Exceeded,11JUL24,1,False,7,120.0
"24300CE, 24300PE",2024-07-10 14:31:00,146.955,2024-07-10 15:21:00,135.54199999999997,2,75,855.9750000000014,22.04325,833.9317500000014,EOD,11JUL24,1,False,7,50.0
"24300CE, 24300PE",2024-07-11 12:49:00,64.943,2024-07-11 13:04:00,59.388000000000005,2,75,416.625,9.74145,406.88355,RSI Oversold,11JUL24,0,True,7,15.0
"24500CE, 24500PE",2024-07-12 10:54:00,231.29,2024-07-12 11:02:00,271.69,2,75,-3029.999999999999,34.6935,-3064.6934999999994,Stop Loss Hit,18JUL24,6,False,7,8.0
"24500CE, 24500PE",2024-07-12 12:11:00,257.247,2024-07-12 12:24:00,252.298,2,75,371.17500000000194,38.587050000000005,332.587950000002,RSI Oversold,18JUL24,6,False,7,13.0
"24550CE, 24550PE",2024-07-12 13:18:00,249.82350000000002,2024-07-12 14:25:00,250.02550000000002,2,75,-15.14999999999992,37.473524999999995,-52.62352499999986,RSI Oversold,18JUL24,6,False,7,67.0
"24600CE, 24600PE",2024-07-15 10:41:00,218.261,2024-07-15 10:55:00,206.64600000000002,2,75,871.1249999999985,32.739149999999995,838.3858499999985,RSI Oversold,18JUL24,3,False,7,14.0
"24650CE, 24650PE",2024-07-15 13:16:00,204.929,2024-07-15 13:44:00,199.92950000000002,2,75,374.96249999999986,30.73935,344.22314999999986,RSI Oversold,18JUL24,3,False,7,28.0
"24650CE, 24650PE",2024-07-16 09:36:00,180.68900000000002,2024-07-16 10:54:00,168.61950000000002,2,75,905.2124999999993,27.10335,878.1091499999992,RSI Oversold,18JUL24,2,False,7,78.0
"24600CE, 24600PE",2024-07-18 09:45:00,95.4955,2024-07-18 09:50:00,126.553,2,75,-2329.312499999999,14.324325000000002,-2343.636824999999,Stop Loss Hit,18JUL24,0,True,7,5.0
"24650CE, 24650PE",2024-07-18 09:51:00,106.8075,2024-07-18 10:07:00,90.69800000000001,2,75,1208.2124999999999,16.021124999999998,1192.1913749999999,RSI Oversold,18JUL24,0,True,7,16.0
"24650CE, 24650PE",2024-07-18 10:44:00,91.001,2024-07-18 10:57:00,93.72800000000001,2,75,-204.52500000000055,13.65015,-218.17515000000049,RSI Oversold,18JUL24,0,True,7,13.0
"24600CE, 24600PE",2024-07-18 12:13:00,113.221,2024-07-18 13:11:00,134.431,2,75,-1590.750000000001,16.983150000000002,-1607.73315,Stop Loss Hit,18JUL24,0,True,7,58.0
"24700CE, 24700PE",2024-07-18 13:12:00,111.80699999999999,2024-07-18 13:34:00,88.88,2,75,1719.5249999999992,16.77105,1702.7539499999991,Profit Target Hit,18JUL24,0,True,7,22.0
"24750CE, 24750PE",2024-07-18 13:53:00,72.417,2024-07-18 14:03:00,87.36500000000001,2,75,-1121.1000000000004,10.862550000000002,-1131.9625500000006,Stop Loss Hit,18JUL24,0,True,7,10.0
"24800CE, 24800PE",2024-07-18 14:05:00,76.962,2024-07-18 14:25:00,60.599999999999994,2,75,1227.15,11.5443,1215.6057,Profit Target Hit,18JUL24,0,True,7,20.0
"24600CE, 24600PE",2024-07-19 13:26:00,462.883,2024-07-19 14:08:00,463.18600000000004,2,75,-22.72499999999991,69.43244999999999,-92.15745000000004,RSI Oversold,25JUL24,6,False,7,42.0
"24550CE, 24550PE",2024-07-22 09:59:00,474.2455,2024-07-22 11:02:00,450.4095,2,75,1787.700000000003,71.13682500000002,1716.563175000003,RSI Oversold,25JUL24,3,False,7,63.0
"24500CE, 24500PE",2024-07-22 13:27:00,441.6225,2024-07-22 14:06:00,432.68399999999997,2,75,670.3874999999982,66.243375,604.1441249999982,RSI Oversold,25JUL24,3,False,7,39.0
"24500CE, 24500PE",2024-07-23 11:01:00,439.653,2024-07-23 11:17:00,411.3225,2,75,2124.7875000000004,65.94794999999999,2058.8395499999997,RSI Oversold,25JUL24,2,False,7,16.0
"24450CE, 24450PE",2024-07-23 13:58:00,260.075,2024-07-23 15:00:00,244.7735,2,75,1147.6124999999988,39.01125,1108.6012499999997,RSI Oversold,25JUL24,2,False,7,62.0
"24350CE, 24350PE",2024-07-24 14:26:00,177.255,2024-07-24 14:54:00,170.3365,2,75,518.8874999999991,26.588250000000002,492.2992499999989,RSI Oversold,25JUL24,1,False,7,28.0
"24350CE, 24350PE",2024-07-25 12:16:00,64.7915,2024-07-25 12:40:00,59.7415,2,75,378.7499999999998,9.718725000000001,369.03127499999977,RSI Oversold,25JUL24,0,True,7,24.0
"24500CE, 24500PE",2024-07-26 09:37:00,293.60699999999997,2024-07-26 11:01:00,331.583,2,75,-2848.200000000001,44.04105,-2892.2410500000015,Stop Loss Hit,01AUG24,6,False,7,84.0
"24650CE, 24650PE",2024-07-26 11:02:00,295.72799999999995,2024-07-26 13:02:00,309.1105,2,75,-1003.6875000000018,44.3592,-1048.0467000000021,Hold Time Exceeded,01AUG24,6,False,7,120.0
"24750CE, 24750PE",2024-07-26 13:12:00,296.839,2024-07-26 14:02:00,296.233,2,75,45.450000000002774,44.525850000000005,0.9241500000027827,RSI Oversold,01AUG24,6,False,7,50.0
"24900CE, 24900PE",2024-07-29 10:57:00,242.19799999999998,2024-07-29 12:07:00,248.3085,2,75,-458.2875000000015,36.3297,-494.6172000000015,RSI Oversold,01AUG24,3,False,7,70.0
"24950CE, 24950PE",2024-07-30 10:57:00,214.1705,2024-07-30 11:14:00,208.6155,2,75,416.62499999999943,32.125575,384.4994249999994,RSI Oversold,01AUG24,2,False,7,17.0
"24950CE, 24950PE",2024-07-30 14:09:00,194.07150000000001,2024-07-30 14:53:00,193.66750000000002,2,75,30.29999999999866,29.110725000000002,1.1892749999986663,RSI Oversold,01AUG24,2,False,7,44.0
"24900CE, 24900PE",2024-07-31 09:59:00,185.23399999999998,2024-07-31 10:57:00,189.88,2,75,-348.4500000000001,27.7851,-376.2351000000001,RSI Oversold,01AUG24,1,False,7,58.0
"24950CE, 24950PE",2024-07-31 12:49:00,173.82100000000003,2024-07-31 13:04:00,171.5485,2,75,170.43750000000165,26.073150000000005,144.36435000000165,RSI Oversold,01AUG24,1,False,7,15.0
"24950CE, 24950PE",2024-07-31 14:29:00,169.478,2024-07-31 14:44:00,164.1755,2,75,397.6875000000007,25.4217,372.2658000000007,RSI Oversold,01AUG24,1,False,7,15.0
"25050CE, 25050PE",2024-08-01 11:14:00,57.8225,2024-08-01 11:27:00,53.9845,2,75,287.85,8.673375,279.17662500000006,RSI Oversold,01AUG24,0,True,8,13.0
"24800CE, 24800PE",2024-08-02 10:36:00,306.23199999999997,2024-08-02 11:12:00,299.46500000000003,2,75,507.52499999999975,45.9348,461.59019999999975,RSI Oversold,08AUG24,6,False,8,36.0
"24800CE, 24800PE",2024-08-02 13:38:00,297.54600000000005,2024-08-02 14:10:00,298.96,2,75,-106.04999999999802,44.6319,-150.681899999998,RSI Oversold,08AUG24,6,False,8,32.0
"24050CE, 24050PE",2024-08-05 13:16:00,442.784,2024-08-05 14:24:00,427.937,2,75,1113.5250000000028,66.41760000000001,1047.1074000000026,RSI Oversold,08AUG24,3,False,8,68.0
"24250CE, 24250PE",2024-08-07 10:29:00,224.422,2024-08-07 10:37:00,253.5605,2,75,-2185.3874999999994,33.6633,-2219.050799999999,Stop Loss Hit,08AUG24,1,False,8,8.0
"24250CE, 24250PE",2024-08-07 12:21:00,211.191,2024-08-07 12:38:00,206.04,2,75,386.3249999999986,31.678649999999998,354.6463499999986,RSI Oversold,08AUG24,1,False,8,17.0
"24250CE, 24250PE",2024-08-07 14:16:00,185.58749999999998,2024-08-07 14:39:00,186.244,2,75,-49.23749999999848,27.838124999999998,-77.07562499999847,RSI Oversold,08AUG24,1,False,8,23.0
"24300CE, 24300PE",2024-08-07 15:11:00,178.2145,2024-08-07 15:21:00,184.426,2,75,-465.86250000000007,26.732175000000005,-492.59467500000005,EOD,08AUG24,1,False,8,10.0
"24250CE, 24250PE",2024-08-08 10:28:00,192.2535,2024-08-08 10:41:00,181.19400000000002,2,75,829.462500000001,28.838025000000002,800.624475000001,RSI Oversold,08AUG24,0,True,8,13.0
"24300CE, 24300PE",2024-08-08 12:14:00,167.96300000000002,2024-08-08 12:34:00,157.964,2,75,749.9249999999996,25.194450000000003,724.7305499999995,RSI Oversold,08AUG24,0,True,8,20.0
"24350CE, 24350PE",2024-08-09 10:50:00,323.705,2024-08-09 12:13:00,307.0905,2,75,1246.0874999999974,48.55575,1197.5317499999971,RSI Oversold,14AUG24,5,False,8,83.0
"24350CE, 24350PE",2024-08-09 13:20:00,303.45450000000005,2024-08-09 14:21:00,298.15200000000004,2,75,397.6875000000007,45.518175,352.16932500000064,RSI Oversold,14AUG24,5,False,8,61.0
"24350CE, 24350PE",2024-08-12 10:41:00,249.92450000000002,2024-08-12 11:13:00,282.1435,2,75,-2416.4250000000015,37.488675,-2453.913675000001,Stop Loss Hit,14AUG24,2,False,8,32.0
"24200CE, 24200PE",2024-08-14 12:55:00,64.5895,2024-08-14 13:20:00,62.317,2,75,170.43750000000045,9.688425,160.7490750000004,RSI Oversold,14AUG24,0,True,8,25.0
"24300CE, 24300PE",2024-08-16 11:28:00,291.43550000000005,2024-08-16 12:23:00,302.192,2,75,-806.7374999999984,43.71532500000001,-850.4528249999989,RSI Oversold,22AUG24,6,False,8,55.0
"24550CE, 24550PE",2024-08-19 11:18:00,234.9765,2024-08-19 12:20:00,232.7545,2,75,166.64999999999952,35.246475000000004,131.40352499999952,RSI Oversold,22AUG24,3,False,8,62.0
"24650CE, 24650PE",2024-08-20 09:38:00,191.5465,2024-08-20 10:06:00,217.35200000000003,2,75,-1935.4125000000008,28.731975,-1964.144475000001,Stop Loss Hit,22AUG24,2,False,8,28.0
"24750CE, 24750PE",2024-08-20 12:59:00,174.73,2024-08-20 13:23:00,174.62900000000002,2,75,7.574999999997772,26.209499999999995,-18.634500000002276,RSI Oversold,22AUG24,2,False,8,24.0
"24750CE, 24750PE",2024-08-21 10:24:00,152.51,2024-08-21 10:38:00,149.42950000000002,2,75,231.03750000000014,22.8765,208.16100000000029,RSI Oversold,22AUG24,1,False,8,14.0
"24750CE, 24750PE",2024-08-21 11:26:00,140.79399999999998,2024-08-21 11:39:00,145.6925,2,75,-367.3875000000005,21.1191,-388.5066000000006,RSI Oversold,22AUG24,1,False,8,13.0
"24750CE, 24750PE",2024-08-21 12:06:00,139.4305,2024-08-21 14:06:00,130.69400000000002,2,75,655.2375,20.914575,634.3229249999999,Hold Time Exceeded,22AUG24,1,False,8,120.0
"24750CE, 24750PE",2024-08-21 15:02:00,120.49300000000001,2024-08-21 15:21:00,119.4325,2,75,79.53750000000088,18.07395,61.46355000000088,EOD,22AUG24,1,False,8,19.0
"24850CE, 24850PE",2024-08-22 11:41:00,54.4895,2024-08-22 11:55:00,54.54,2,75,-3.787500000000648,8.173425,-11.960925000000657,RSI Oversold,22AUG24,0,True,8,14.0
"24850CE, 24850PE",2024-08-23 09:56:00,261.59000000000003,2024-08-23 10:15:00,258.8125,2,75,208.31250000000023,39.2385,169.0740000000003,RSI Oversold,29AUG24,6,False,8,19.0
"24850CE, 24850PE",2024-08-23 14:25:00,243.56149999999997,2024-08-23 14:38:00,243.05649999999997,2,75,37.874999999998636,36.534225,1.3407749999986436,RSI Oversold,29AUG24,6,False,8,13.0
"24950CE, 24950PE",2024-08-26 09:36:00,220.9375,2024-08-26 10:18:00,247.7025,2,75,-2007.3749999999986,33.140625,-2040.5156249999982,Stop Loss Hit,29AUG24,3,False,8,42.0
"25050CE, 25050PE",2024-08-26 10:19:00,228.26,2024-08-26 10:32:00,218.6145,2,75,723.4125000000013,34.239000000000004,689.1735000000008,RSI Oversold,29AUG24,3,False,8,13.0
"25000CE, 25000PE",2024-08-26 11:40:00,223.05849999999998,2024-08-26 11:53:00,216.443,2,75,496.1624999999988,33.458775,462.7037249999987,RSI Oversold,29AUG24,3,False,8,13.0
"25000CE, 25000PE",2024-08-27 09:54:00,185.6885,2024-08-27 10:31:00,173.82100000000003,2,75,890.0624999999994,27.853275000000004,862.2092249999996,RSI Oversold,29AUG24,2,False,8,37.0
"25050CE, 25050PE",2024-08-27 11:09:00,170.0335,2024-08-27 11:41:00,171.3465,2,75,-98.47500000000025,25.505025,-123.9800250000003,RSI Oversold,29AUG24,2,False,8,32.0
"25050CE, 25050PE",2024-08-28 11:16:00,130.4415,2024-08-28 11:18:00,145.339,2,75,-1117.3125,19.566225,-1136.878725,Stop Loss Hit,29AUG24,1,False,8,2.0
"25050CE, 25050PE",2024-08-28 11:21:00,149.379,2024-08-28 11:46:00,167.2055,2,75,-1336.9874999999984,22.40685,-1359.3943499999987,Stop Loss Hit,29AUG24,1,False,8,25.0
"25100CE, 25100PE",2024-08-29 09:49:00,101.90899999999999,2024-08-29 10:39:00,83.0725,2,75,1412.7375000000002,15.28635,1397.4511500000003,RSI Oversold,29AUG24,0,True,8,50.0
"25100CE, 25100PE",2024-08-29 12:26:00,67.9225,2024-08-29 12:29:00,89.63749999999999,2,75,-1628.6250000000002,10.188374999999997,-1638.8133750000004,Stop Loss Hit,29AUG24,0,True,8,3.0
"25150CE, 25150PE",2024-08-29 12:30:00,76.70949999999999,2024-08-29 12:32:00,86.9105,2,75,-765.0749999999999,11.506425,-776.5814249999999,Stop Loss Hit,29AUG24,0,True,8,2.0
"25150CE, 25150PE",2024-08-29 12:33:00,85.446,2024-08-29 13:35:00,90.1425,2,75,-352.2374999999993,12.8169,-365.05439999999953,RSI Oversold,29AUG24,0,True,8,62.0
"25100CE, 25100PE",2024-08-29 14:54:00,104.636,2024-08-29 14:57:00,131.04749999999999,2,75,-1980.8625,15.6954,-1996.5578999999993,Stop Loss Hit,29AUG24,0,True,8,3.0
"25250CE, 25250PE",2024-08-30 11:07:00,260.3275,2024-08-30 12:36:00,255.4795,2,75,363.5999999999989,39.049125000000004,324.5508749999988,RSI Oversold,05SEP24,6,False,8,89.0
"25250CE, 25250PE",2024-08-30 14:19:00,258.4085,2024-08-30 14:33:00,252.4495,2,75,446.92500000000246,38.761275,408.1637250000025,RSI Oversold,05SEP24,6,False,8,14.0
"25250CE, 25250PE",2024-08-30 15:09:00,246.743,2024-08-30 15:21:00,249.1165,2,75,-178.0125000000005,37.011449999999996,-215.02395000000047,EOD,05SEP24,6,False,8,12.0
"25250CE, 25250PE",2024-09-03 10:43:00,186.79950000000002,2024-09-03 11:02:00,185.5875,2,75,90.89999999999918,28.019924999999997,62.88007499999924,RSI Oversold,05SEP24,2,False,9,19.0
"25250CE, 25250PE",2024-09-03 12:41:00,180.4365,2024-09-03 13:30:00,183.9715,2,75,-265.1249999999998,27.065475,-292.1904749999998,RSI Oversold,05SEP24,2,False,9,49.0
"25250CE, 25250PE",2024-09-03 14:14:00,177.6085,2024-09-03 15:00:00,179.12349999999998,2,75,-113.62500000000053,26.641275,-140.26627500000058,RSI Oversold,05SEP24,2,False,9,46.0
"25150CE, 25150PE",2024-09-04 10:11:00,163.2665,2024-09-04 10:27:00,163.014,2,75,18.93750000000091,24.489975000000005,-5.552474999999163,RSI Oversold,05SEP24,1,False,9,16.0
"25150CE, 25150PE",2024-09-04 10:58:00,152.3585,2024-09-04 11:18:00,151.702,2,75,49.23749999999961,22.853775,26.383724999999572,RSI Oversold,05SEP24,1,False,9,20.0
"25150CE, 25150PE",2024-09-04 13:13:00,146.753,2024-09-04 13:34:00,148.8235,2,75,-155.2874999999999,22.012949999999996,-177.30044999999996,RSI Oversold,05SEP24,1,False,9,21.0
"25200CE, 25200PE",2024-09-04 14:43:00,142.915,2024-09-04 14:57:00,144.632,2,75,-128.77500000000146,21.43725,-150.21225000000152,RSI Oversold,05SEP24,1,False,9,14.0
"24850CE, 24850PE",2024-09-06 14:55:00,338.552,2024-09-06 15:21:00,314.1605,2,75,1829.3625000000004,50.782799999999995,1778.5797000000011,EOD,12SEP24,6,False,9,26.0
"24900CE, 24900PE",2024-09-09 10:43:00,249.2175,2024-09-09 10:59:00,245.5815,2,75,272.7000000000008,37.382625000000004,235.31737500000077,RSI Oversold,12SEP24,3,False,9,16.0
"24900CE, 24900PE",2024-09-09 13:23:00,236.23899999999998,2024-09-09 13:47:00,236.441,2,75,-15.149999999998798,35.43585,-50.5858499999988,RSI Oversold,12SEP24,3,False,9,24.0
"24950CE, 24950PE",2024-09-10 10:26:00,199.778,2024-09-10 12:15:00,185.8905,2,75,1041.562499999999,29.966700000000003,1011.5957999999991,RSI Oversold,12SEP24,2,False,9,109.0
"25050CE, 25050PE",2024-09-10 12:42:00,178.46699999999998,2024-09-10 14:02:00,180.7395,2,75,-170.4374999999984,26.770050000000005,-197.2075499999985,RSI Oversold,12SEP24,2,False,9,80.0
"25050CE, 25050PE",2024-09-11 09:40:00,160.5395,2024-09-11 10:02:00,157.9135,2,75,196.95000000000084,24.080925,172.86907500000086,RSI Oversold,12SEP24,1,False,9,22.0
"25050CE, 25050PE",2024-09-11 10:18:00,155.742,2024-09-11 10:31:00,150.7425,2,75,374.9624999999993,23.3613,351.6011999999994,RSI Oversold,12SEP24,1,False,9,13.0
"25100CE, 25100PE",2024-09-11 12:02:00,151.197,2024-09-11 12:19:00,148.5205,2,75,200.73749999999922,22.67955,178.05794999999927,RSI Oversold,12SEP24,1,False,9,17.0
"25100CE, 25100PE",2024-09-11 12:33:00,145.9955,2024-09-11 12:46:00,143.7735,2,75,166.64999999999907,21.899325,144.7506749999991,RSI Oversold,12SEP24,1,False,9,13.0
"25100CE, 25100PE",2024-09-12 14:02:00,121.70500000000001,2024-09-12 14:06:00,139.582,2,75,-1340.7749999999996,18.25575,-1359.0307499999994,Stop Loss Hit,12SEP24,0,True,9,4.0
"25350CE, 25350PE",2024-09-13 10:30:00,278.20449999999994,2024-09-13 11:24:00,274.922,2,75,246.18749999999773,41.730675,204.45682499999793,RSI Oversold,19SEP24,6,False,9,54.0
"25450CE, 25450PE",2024-09-16 09:46:00,231.64350000000002,2024-09-16 09:58:00,232.2495,2,75,-45.44999999999959,34.746525,-80.19652499999961,RSI Oversold,19SEP24,3,False,9,12.0
"25400CE, 25400PE",2024-09-16 13:22:00,225.07850000000002,2024-09-16 14:02:00,219.5235,2,75,416.62499999999943,33.76177500000001,382.8632249999995,RSI Oversold,19SEP24,3,False,9,40.0
"25400CE, 25400PE",2024-09-17 10:43:00,204.01999999999998,2024-09-17 11:05:00,203.111,2,75,68.17500000000052,30.603,37.572000000000514,RSI Oversold,19SEP24,2,False,9,22.0
"25450CE, 25450PE",2024-09-17 11:25:00,204.47449999999998,2024-09-17 11:38:00,200.33350000000002,2,75,310.57499999999925,30.671175000000005,279.9038249999993,RSI Oversold,19SEP24,2,False,9,13.0
"25450CE, 25450PE",2024-09-17 13:37:00,194.27349999999998,2024-09-17 13:58:00,194.021,2,75,18.93749999999983,29.141025,-10.203525000000155,RSI Oversold,19SEP24,2,False,9,21.0
"25450CE, 25450PE",2024-09-18 10:42:00,205.2825,2024-09-18 11:01:00,203.515,2,75,132.56249999999994,30.792375,101.7701249999999,RSI Oversold,19SEP24,1,False,9,19.0
"25500CE, 25500PE",2024-09-18 12:26:00,194.6775,2024-09-18 12:50:00,195.6875,2,75,-75.74999999999932,29.201625,-104.9516249999993,RSI Oversold,19SEP24,1,False,9,24.0
"25350CE, 25350PE",2024-09-18 14:23:00,217.7055,2024-09-18 15:19:00,223.26049999999998,2,75,-416.62500000000045,32.655825,-449.2808250000004,RSI Oversold,19SEP24,1,False,9,56.0
"25550CE, 25550PE",2024-09-20 09:52:00,297.5965,2024-09-20 10:17:00,295.92999999999995,2,75,124.9875000000032,44.639475000000004,80.34802500000313,RSI Oversold,26SEP24,6,False,9,25.0
"25650CE, 25650PE",2024-09-20 10:37:00,296.33400000000006,2024-09-20 11:05:00,294.213,2,75,159.0750000000007,44.450100000000006,114.6249000000007,RSI Oversold,26SEP24,6,False,9,28.0
"25800CE, 25800PE",2024-09-20 12:47:00,310.7265,2024-09-20 13:31:00,307.64599999999996,2,75,231.03750000000218,46.608975,184.4285250000023,RSI Oversold,26SEP24,6,False,9,44.0
"25700CE, 25700PE",2024-09-20 13:54:00,300.879,2024-09-20 15:21:00,293.05150000000003,2,75,587.0624999999977,45.13185,541.9306499999975,EOD,26SEP24,6,False,9,87.0
"25900CE, 25900PE",2024-09-23 13:02:00,255.42899999999997,2024-09-23 14:12:00,249.52050000000003,2,75,443.13749999999925,38.314350000000005,404.82314999999926,RSI Oversold,26SEP24,3,False,9,70.0
"25900CE, 25900PE",2024-09-23 14:18:00,253.6615,2024-09-23 15:00:00,253.8635,2,75,-15.150000000000944,38.04922499999999,-53.19922500000098,RSI Oversold,26SEP24,3,False,9,42.0
"25900CE, 25900PE",2024-09-25 13:28:00,157.459,2024-09-25 13:42:00,152.005,2,75,409.0500000000006,23.618850000000002,385.4311500000007,RSI Oversold,26SEP24,1,False,9,14.0
"25950CE, 25950PE",2024-09-25 14:07:00,147.91449999999998,2024-09-25 14:20:00,142.006,2,75,443.1374999999997,22.187174999999996,420.9503249999997,RSI Oversold,26SEP24,1,False,9,13.0
"25950CE, 25950PE",2024-09-25 14:39:00,138.7235,2024-09-25 14:56:00,138.067,2,75,49.23749999999956,20.808525,28.428974999999554,RSI Oversold,26SEP24,1,False,9,17.0
"26000CE, 26000PE",2024-09-25 15:02:00,139.481,2024-09-25 15:21:00,134.8855,2,75,344.66250000000014,20.922150000000002,323.74035000000015,EOD,26SEP24,1,False,9,19.0
"26050CE, 26050PE",2024-09-26 10:10:00,141.4,2024-09-26 10:56:00,133.6735,2,75,579.4874999999996,21.21,558.2774999999996,RSI Oversold,26SEP24,0,True,9,46.0
"26100CE, 26100PE",2024-09-26 12:04:00,103.727,2024-09-26 12:34:00,110.9485,2,75,-541.6125,15.559050000000003,-557.1715499999999,RSI Oversold,26SEP24,0,True,9,30.0
"26100CE, 26100PE",2024-09-26 14:21:00,137.461,2024-09-26 15:03:00,155.338,2,75,-1340.7750000000005,20.619149999999998,-1361.394150000001,Stop Loss Hit,26SEP24,0,True,9,42.0
"26250CE, 26250PE",2024-09-27 09:48:00,290.0215,2024-09-27 10:04:00,288.40549999999996,2,75,121.20000000000101,43.503225,77.696775000001,RSI Oversold,03OCT24,6,False,9,16.0
"26200CE, 26200PE",2024-09-27 13:53:00,280.78,2024-09-27 14:08:00,278.2045,2,75,193.16249999999945,42.117,151.04549999999927,RSI Oversold,03OCT24,6,False,9,15.0
"25850CE, 25850PE",2024-09-30 14:55:00,244.01600000000002,2024-09-30 15:21:00,240.077,2,75,295.4250000000005,36.6024,258.82260000000053,EOD,03OCT24,3,False,9,26.0
"25800CE, 25800PE",2024-10-01 11:44:00,185.08249999999998,2024-10-01 12:25:00,190.9405,2,75,-439.3500000000014,27.762375,-467.1123750000013,RSI Oversold,03OCT24,2,False,10,41.0
"25800CE, 25800PE",2024-10-01 15:02:00,148.26799999999997,2024-10-01 15:17:00,146.95499999999998,2,75,98.47499999999957,22.2402,76.23479999999961,RSI Oversold,03OCT24,2,False,10,15.0
"25650CE, 25650PE",2024-10-03 09:36:00,170.2355,2024-10-03 09:54:00,149.42950000000002,2,75,1560.449999999999,25.535325,1534.9146749999986,RSI Oversold,03OCT24,0,True,10,18.0
"25250CE, 25250PE",2024-10-04 09:58:00,390.365,2024-10-04 10:13:00,376.67949999999996,2,75,1026.4124999999995,58.554750000000006,967.8577499999997,RSI Oversold,10OCT24,6,False,10,15.0
"25300CE, 25300PE",2024-10-04 10:46:00,374.9625,2024-10-04 11:31:00,383.5475,2,75,-643.8750000000006,56.24437499999999,-700.1193750000004,RSI Oversold,10OCT24,6,False,10,45.0
"25350CE, 25350PE",2024-10-04 11:53:00,395.2635,2024-10-04 12:37:00,392.0315,2,75,242.4,59.289525,183.11047499999992,RSI Oversold,10OCT24,6,False,10,44.0
"25000CE, 25000PE",2024-10-07 11:27:00,360.9235,2024-10-07 12:04:00,383.5475,2,75,-1696.7999999999975,54.138525,-1750.9385249999978,RSI Oversold,10OCT24,3,False,10,37.0
"24850CE, 24850PE",2024-10-07 14:45:00,382.6385,2024-10-07 15:04:00,364.307,2,75,1374.8625000000006,57.395775,1317.4667250000005,RSI Oversold,10OCT24,3,False,10,19.0
"24900CE, 24900PE",2024-10-08 09:50:00,343.703,2024-10-08 10:10:00,351.682,2,75,-598.4250000000006,51.55545,-649.9804500000009,RSI Oversold,10OCT24,2,False,10,20.0
"25000CE, 25000PE",2024-10-08 11:31:00,294.61699999999996,2024-10-08 11:44:00,292.294,2,75,174.2249999999981,44.19255,130.0324499999981,RSI Oversold,10OCT24,2,False,10,13.0
"24950CE, 24950PE",2024-10-08 13:06:00,277.75,2024-10-08 13:22:00,277.144,2,75,45.44999999999959,41.662499999999994,3.787499999999568,RSI Oversold,10OCT24,2,False,10,16.0
"25100CE, 25100PE",2024-10-09 09:45:00,264.519,2024-10-09 10:28:00,225.937,2,75,2893.6499999999996,39.67785,2853.9721500000005,RSI Oversold,10OCT24,1,False,10,43.0
"25150CE, 25150PE",2024-10-09 12:33:00,199.1215,2024-10-09 12:46:00,201.293,2,75,-162.8624999999995,29.868225,-192.73072499999967,RSI Oversold,10OCT24,1,False,10,13.0
"25050CE, 25050PE",2024-10-10 09:58:00,112.05950000000001,2024-10-10 10:06:00,131.502,2,75,-1458.1875,16.808925000000002,-1474.996425,Stop Loss Hit,10OCT24,0,True,10,8.0
"25050CE, 25050PE",2024-10-10 13:23:00,53.833,2024-10-10 13:33:00,53.5805,2,75,18.937499999999773,8.074950000000001,10.862549999999715,RSI Oversold,10OCT24,0,True,10,10.0
"25000CE, 25000PE",2024-10-11 13:19:00,292.04150000000004,2024-10-11 13:45:00,297.5965,2,75,-416.6250000000002,43.806225,-460.4312250000004,RSI Oversold,17OCT24,6,False,10,26.0
"25100CE, 25100PE",2024-10-14 09:45:00,248.965,2024-10-14 10:18:00,248.30850000000004,2,75,49.23749999999848,37.34475,11.892749999998557,RSI Oversold,17OCT24,3,False,10,33.0
"25100CE, 25100PE",2024-10-14 11:16:00,243.15749999999997,2024-10-14 12:24:00,242.1475,2,75,75.74999999999716,36.473625,39.27637499999719,RSI Oversold,17OCT24,3,False,10,68.0
"25050CE, 25050PE",2024-10-15 14:21:00,195.4855,2024-10-15 14:42:00,196.4955,2,75,-75.75000000000034,29.322825,-105.07282500000031,RSI Oversold,17OCT24,2,False,10,21.0
"25050CE, 25050PE",2024-10-16 09:39:00,179.679,2024-10-16 10:31:00,162.105,2,75,1318.050000000001,26.95185,1291.098150000001,RSI Oversold,17OCT24,1,False,10,52.0
"24950CE, 24950PE",2024-10-16 13:06:00,156.954,2024-10-16 14:27:00,174.47750000000002,2,75,-1314.2625000000003,23.543100000000003,-1337.8056000000001,Stop Loss Hit,17OCT24,1,False,10,81.0
"25050CE, 25050PE",2024-10-16 14:28:00,150.793,2024-10-16 14:42:00,142.15750000000003,2,75,647.6624999999995,22.618949999999998,625.0435499999994,RSI Oversold,17OCT24,1,False,10,14.0
"24850CE, 24850PE",2024-10-17 10:37:00,66.963,2024-10-17 10:55:00,65.145,2,75,136.34999999999957,10.04445,126.30554999999958,RSI Oversold,17OCT24,0,True,10,18.0
"24700CE, 24700PE",2024-10-18 09:50:00,328.553,2024-10-18 10:02:00,321.9375,2,75,496.1625000000022,49.28295000000001,446.8795500000019,RSI Oversold,24OCT24,6,False,10,12.0
"24750CE, 24750PE",2024-10-18 10:31:00,312.94849999999997,2024-10-18 11:02:00,319.00849999999997,2,75,-454.49999999999807,46.942275,-501.4422749999981,RSI Oversold,24OCT24,6,False,10,31.0
"24750CE, 24750PE",2024-10-18 11:35:00,308.2015,2024-10-18 13:09:00,323.40200000000004,2,75,-1140.0374999999972,46.230225000000004,-1186.267724999997,RSI Oversold,24OCT24,6,False,10,94.0
"24900CE, 24900PE",2024-10-18 13:46:00,300.172,2024-10-18 14:44:00,279.2145,2,75,1571.812500000003,45.025800000000004,1526.7867000000028,RSI Oversold,24OCT24,6,False,10,58.0
"24800CE, 24800PE",2024-10-21 10:04:00,260.3275,2024-10-21 10:22:00,262.75149999999996,2,75,-181.79999999999845,39.049125000000004,-220.84912499999845,RSI Oversold,24OCT24,3,False,10,18.0
"24800CE, 24800PE",2024-10-21 13:18:00,249.3185,2024-10-21 13:34:00,245.228,2,75,306.7875000000015,37.397775,269.3897250000015,RSI Oversold,24OCT24,3,False,10,16.0
"24850CE, 24850PE",2024-10-21 13:56:00,243.56150000000002,2024-10-21 14:14:00,246.1875,2,75,-196.94999999999823,36.534225000000006,-233.48422499999822,RSI Oversold,24OCT24,3,False,10,18.0
"24850CE, 24850PE",2024-10-22 09:46:00,218.16000000000003,2024-10-22 10:12:00,220.887,2,75,-204.52500000000055,32.724000000000004,-237.24900000000162,RSI Oversold,24OCT24,2,False,10,26.0
"24500CE, 24500PE",2024-10-23 09:53:00,235.98650000000004,2024-10-23 10:25:00,224.018,2,75,897.6375000000012,35.397975,862.2395250000011,RSI Oversold,24OCT24,1,False,10,32.0
"24600CE, 24600PE",2024-10-23 11:03:00,206.49450000000002,2024-10-23 11:16:00,206.59550000000002,2,75,-7.575000000000955,30.974175000000002,-38.54917500000056,RSI Oversold,24OCT24,1,False,10,13.0
"24150CE, 24150PE",2024-10-25 14:50:00,312.393,2024-10-25 15:21:00,315.827,2,75,-257.5499999999993,46.85895000000001,-304.4089499999991,EOD,31OCT24,6,False,10,31.0
"24300CE, 24300PE",2024-10-28 09:56:00,271.18500000000006,2024-10-28 10:11:00,262.6505,2,75,640.0874999999995,40.67775,599.4097499999996,RSI Oversold,31OCT24,3,False,10,15.0
"24350CE, 24350PE",2024-10-28 10:19:00,252.3485,2024-10-28 10:57:00,257.853,2,75,-412.8374999999994,37.852275,-450.6897749999996,RSI Oversold,31OCT24,3,False,10,38.0
"24500CE, 24500PE",2024-10-28 12:14:00,243.107,2024-10-28 12:48:00,245.228,2,75,-159.0750000000014,36.466049999999996,-195.54105000000186,RSI Oversold,31OCT24,3,False,10,34.0
"24250CE, 24250PE",2024-10-29 11:41:00,234.8755,2024-10-29 13:23:00,229.42149999999998,2,75,409.0500000000013,35.231325000000005,373.8186750000018,RSI Oversold,31OCT24,2,False,10,102.0
"24350CE, 24350PE",2024-10-29 14:00:00,211.898,2024-10-29 14:31:00,213.76649999999998,2,75,-140.1374999999989,31.784700000000004,-171.92219999999952,RSI Oversold,31OCT24,2,False,10,31.0
"24450CE, 24450PE",2024-10-30 10:55:00,179.67899999999997,2024-10-30 12:05:00,173.01299999999998,2,75,499.9499999999998,26.95185,472.99814999999984,RSI Oversold,31OCT24,1,False,10,70.0
"24500CE, 24500PE",2024-10-30 13:07:00,162.0545,2024-10-30 13:16:00,171.4475,2,75,-704.4749999999999,24.308175,-728.783175,RSI Oversold,31OCT24,1,False,10,9.0
"23900CE, 23900PE",2024-11-04 12:01:00,425.715,2024-11-04 12:21:00,422.8365,2,75,215.88750000000016,63.85725,152.0302500000002,RSI Oversold,07NOV24,3,False,11,20.0
"23900CE, 23900PE",2024-11-04 13:51:00,416.4735,2024-11-04 15:21:00,412.83750000000003,2,75,272.69999999999527,62.471025,210.22897499999544,EOD,07NOV24,3,False,11,90.0
"24000CE, 24000PE",2024-11-05 10:29:00,360.97400000000005,2024-11-05 10:42:00,367.79150000000004,2,75,-511.3125000000002,54.146100000000004,-565.4586000000002,RSI Oversold,07NOV24,2,False,11,13.0
"24000CE, 24000PE",2024-11-05 13:27:00,359.9135,2024-11-05 14:54:00,365.317,2,75,-405.2624999999989,53.987025,-459.24952499999927,RSI Oversold,07NOV24,2,False,11,87.0
"24450CE, 24450PE",2024-11-06 11:54:00,219.1195,2024-11-06 12:12:00,198.01049999999998,2,75,1583.1750000000006,32.867925,1550.3070750000006,RSI Oversold,07NOV24,1,False,11,18.0
"24500CE, 24500PE",2024-11-06 14:20:00,177.053,2024-11-06 14:36:00,174.629,2,75,181.80000000000052,26.557949999999998,155.24205000000052,RSI Oversold,07NOV24,1,False,11,16.0
"24250CE, 24250PE",2024-11-07 10:56:00,87.062,2024-11-07 11:19:00,106.25200000000001,2,75,-1439.2500000000007,13.0593,-1452.3093000000006,Stop Loss Hit,07NOV24,0,True,11,23.0
"24250CE, 24250PE",2024-11-08 09:46:00,356.8835,2024-11-08 09:59:00,349.0055,2,75,590.8500000000008,53.532525,537.3174750000007,RSI Oversold,14NOV24,6,False,11,13.0
"24150CE, 24150PE",2024-11-08 14:43:00,290.88,2024-11-08 15:21:00,299.51550000000003,2,75,-647.6625000000026,43.632,-691.2945000000026,EOD,14NOV24,6,False,11,38.0
"24200CE, 24200PE",2024-11-11 10:28:00,263.7615,2024-11-11 11:57:00,264.7715,2,75,-75.74999999999955,39.56422500000001,-115.31422499999962,RSI Oversold,14NOV24,3,False,11,89.0
"24200CE, 24200PE",2024-11-11 14:35:00,245.7835,2024-11-11 15:01:00,240.279,2,75,412.83750000000066,36.867525,375.9699750000003,RSI Oversold,14NOV24,3,False,11,26.0
"23750CE, 23750PE",2024-11-13 10:54:00,225.7855,2024-11-13 11:07:00,218.16,2,75,571.9125000000001,33.867824999999996,538.0446750000003,RSI Oversold,14NOV24,1,False,11,13.0
"23700CE, 23700PE",2024-11-13 13:46:00,187.2035,2024-11-13 14:11:00,183.618,2,75,268.91249999999945,28.080525,240.83197499999983,RSI Oversold,14NOV24,1,False,11,25.0
"23650CE, 23650PE",2024-11-14 10:02:00,139.178,2024-11-14 10:15:00,115.79650000000001,2,75,1753.6124999999997,20.8767,1732.7358,RSI Oversold,14NOV24,0,True,11,13.0
"23450CE, 23450PE",2024-11-18 10:04:00,272.599,2024-11-18 10:23:00,271.8415,2,75,56.81249999999841,40.889849999999996,15.922649999998498,RSI Oversold,21NOV24,3,False,11,19.0
"23450CE, 23450PE",2024-11-18 11:29:00,261.6405,2024-11-18 13:01:00,260.075,2,75,117.41250000000082,39.246075000000005,78.16642500000125,RSI Oversold,21NOV24,3,False,11,92.0
"23750CE, 23750PE",2024-11-19 10:26:00,199.677,2024-11-19 10:49:00,197.30349999999999,2,75,178.0125000000005,29.951549999999997,148.06095000000028,RSI Oversold,21NOV24,2,False,11,23.0
"23750CE, 23750PE",2024-11-19 11:26:00,192.85950000000003,2024-11-19 12:30:00,183.012,2,75,738.5624999999998,28.928925,709.6335749999996,RSI Oversold,21NOV24,2,False,11,64.0
"23550CE, 23550PE",2024-11-22 10:04:00,382.891,2024-11-22 10:22:00,383.49699999999996,2,75,-45.44999999999743,57.43365000000001,-102.88364999999749,RSI Oversold,28NOV24,6,False,11,18.0
"23550CE, 23550PE",2024-11-22 11:40:00,392.385,2024-11-22 12:08:00,441.31949999999995,2,75,-3670.0874999999987,58.857749999999996,-3728.945249999999,Stop Loss Hit,28NOV24,6,False,11,28.0
"23650CE, 23650PE",2024-11-22 12:32:00,420.564,2024-11-22 13:32:00,423.291,2,75,-204.52500000000236,63.084599999999995,-267.6096000000025,RSI Oversold,28NOV24,6,False,11,60.0
"23800CE, 23800PE",2024-11-22 14:00:00,413.595,2024-11-22 14:30:00,434.09799999999996,2,75,-1537.7250000000008,62.039249999999996,-1599.7642500000006,RSI Oversold,28NOV24,6,False,11,30.0
"23950CE, 23950PE",2024-11-22 14:53:00,419.95799999999997,2024-11-22 15:16:00,393.64750000000004,2,75,1973.2874999999995,62.993700000000004,1910.2938,RSI Oversold,28NOV24,6,False,11,23.0
"24350CE, 24350PE",2024-11-25 11:05:00,307.5955,2024-11-25 11:33:00,298.3035,2,75,696.8999999999978,46.139325,650.7606749999977,RSI Oversold,28NOV24,3,False,11,28.0
"24200CE, 24200PE",2024-11-26 11:35:00,243.006,2024-11-26 12:06:00,240.38,2,75,196.95000000000027,36.450900000000004,160.49910000000057,RSI Oversold,28NOV24,2,False,11,31.0
"24200CE, 24200PE",2024-11-26 14:41:00,233.411,2024-11-26 15:05:00,220.483,2,75,969.5999999999998,35.011649999999996,934.5883499999999,RSI Oversold,28NOV24,2,False,11,24.0
"24200CE, 24200PE",2024-11-27 11:39:00,161.802,2024-11-27 11:53:00,164.024,2,75,-166.65000000000157,24.2703,-190.9203000000016,RSI Oversold,28NOV24,1,False,11,14.0
"24200CE, 24200PE",2024-11-27 12:01:00,171.9525,2024-11-27 12:23:00,192.6575,2,75,-1552.8750000000007,25.792875000000002,-1578.6678750000005,Stop Loss Hit,28NOV24,1,False,11,22.0
"24100CE, 24100PE",2024-11-28 11:50:00,180.1335,2024-11-28 12:03:00,171.2455,2,75,666.6000000000006,27.020024999999997,639.5799750000003,RSI Oversold,28NOV24,0,True,11,13.0
"24050CE, 24050PE",2024-11-28 13:59:00,146.95499999999998,2024-11-28 14:02:00,115.59450000000001,2,75,2352.0374999999995,22.04325,2329.9942499999997,Profit Target Hit,28NOV24,0,True,11,3.0
"24050CE, 24050PE",2024-11-29 09:34:00,394.15250000000003,2024-11-29 10:13:00,388.648,2,75,412.8374999999987,59.12287500000001,353.7146249999987,RSI Oversold,05DEC24,6,False,11,39.0
"24050CE, 24050PE",2024-11-29 10:28:00,389.8095,2024-11-29 11:38:00,372.387,2,75,1306.6875000000032,58.471425,1248.216075000003,RSI Oversold,05DEC24,6,False,11,70.0
"24150CE, 24150PE",2024-11-29 13:20:00,337.99649999999997,2024-11-29 13:46:00,333.9565,2,75,303.0000000000015,50.699475,252.3005250000015,RSI Oversold,05DEC24,6,False,11,26.0
"24200CE, 24200PE",2024-11-29 14:43:00,325.0685,2024-11-29 14:56:00,315.9785,2,75,681.75,48.76027500000001,632.9897249999999,RSI Oversold,05DEC24,6,False,11,13.0
"24100CE, 24100PE",2024-12-02 09:39:00,310.474,2024-12-02 10:12:00,317.746,2,75,-545.3999999999994,46.5711,-591.9710999999994,RSI Oversold,05DEC24,3,False,12,33.0
"24200CE, 24200PE",2024-12-02 12:30:00,335.8755,2024-12-02 13:12:00,330.77500000000003,2,75,382.53750000000093,50.381325000000004,332.15617500000087,RSI Oversold,05DEC24,3,False,12,42.0
"24250CE, 24250PE",2024-12-02 13:59:00,331.9365,2024-12-02 15:19:00,316.231,2,75,1177.9125,49.790475,1128.1220250000001,RSI Oversold,05DEC24,3,False,12,80.0
"24350CE, 24350PE",2024-12-03 10:19:00,288.86,2024-12-03 12:19:00,288.10249999999996,2,75,56.812499999999545,43.329,13.483499999999594,Hold Time Exceeded,05DEC24,2,False,12,120.0
"24450CE, 24450PE",2024-12-03 13:34:00,277.09350000000006,2024-12-03 14:34:00,267.80150000000003,2,75,696.9000000000033,41.564025,655.3359750000034,RSI Oversold,05DEC24,2,False,12,60.0
"24500CE, 24500PE",2024-12-04 13:33:00,237.34999999999997,2024-12-04 14:19:00,225.58350000000002,2,75,882.4874999999985,35.6025,846.8849999999985,RSI Oversold,05DEC24,1,False,12,46.0
"24500CE, 24500PE",2024-12-05 09:37:00,258.1055,2024-12-05 09:48:00,292.24350000000004,2,75,-2560.350000000003,38.715824999999995,-2599.0658250000033,Stop Loss Hit,05DEC24,0,True,12,11.0
"24500CE, 24500PE",2024-12-05 12:06:00,306.6865,2024-12-05 12:45:00,272.498,2,75,2564.1375000000007,46.002975,2518.1345250000013,RSI Oversold,05DEC24,0,True,12,39.0
"24650CE, 24650PE",2024-12-05 13:14:00,250.581,2024-12-05 13:27:00,245.4805,2,75,382.53750000000014,37.58715,344.95034999999984,RSI Oversold,05DEC24,0,True,12,13.0
"24750CE, 24750PE",2024-12-05 14:13:00,199.82850000000002,2024-12-05 14:15:00,153.72199999999998,2,75,3457.987500000001,29.974275,3428.013225000001,Profit Target Hit,05DEC24,0,True,12,2.0
"24850CE, 24850PE",2024-12-05 14:29:00,157.964,2024-12-05 14:36:00,124.3815,2,75,2518.687499999999,23.6946,2494.992899999999,Profit Target Hit,05DEC24,0,True,12,7.0
"24750CE, 24750PE",2024-12-06 11:07:00,401.72749999999996,2024-12-06 11:20:00,406.727,2,75,-374.96250000000305,60.259125,-435.2216250000031,RSI Oversold,12DEC24,6,False,12,13.0
"24650CE, 24650PE",2024-12-09 10:48:00,327.038,2024-12-09 11:01:00,327.543,2,75,-37.87499999999977,49.0557,-86.93070000000012,RSI Oversold,12DEC24,3,False,12,13.0
"24650CE, 24650PE",2024-12-09 11:21:00,323.402,2024-12-09 12:09:00,315.57449999999994,2,75,587.0625000000011,48.5103,538.5522000000011,RSI Oversold,12DEC24,3,False,12,48.0
"24650CE, 24650PE",2024-12-10 10:00:00,264.115,2024-12-10 10:14:00,258.7115,2,75,405.2625000000006,39.61725,365.6452500000006,RSI Oversold,12DEC24,2,False,12,14.0
"24650CE, 24650PE",2024-12-10 11:15:00,245.3795,2024-12-10 11:56:00,251.793,2,75,-481.0124999999998,36.806925,-517.8194249999998,RSI Oversold,12DEC24,2,False,12,41.0
"24550CE, 24550PE",2024-12-10 14:52:00,240.38,2024-12-10 15:21:00,237.047,2,75,249.97499999999945,36.057,213.91799999999967,EOD,12DEC24,2,False,12,29.0
"24650CE, 24650PE",2024-12-11 10:26:00,186.85,2024-12-11 11:06:00,167.25600000000003,2,75,1469.5499999999984,28.0275,1441.5224999999984,RSI Oversold,12DEC24,1,False,12,40.0
"24650CE, 24650PE",2024-12-12 09:36:00,105.5955,2024-12-12 09:40:00,82.97149999999999,2,75,1696.8000000000002,15.839324999999999,1680.9606750000003,Profit Target Hit,12DEC24,0,True,12,4.0
"24300CE, 24300PE",2024-12-13 11:13:00,381.679,2024-12-13 11:59:00,434.0475,2,75,-3927.6375000000025,57.251850000000005,-3984.889350000004,Stop Loss Hit,19DEC24,6,False,12,46.0
"24600CE, 24600PE",2024-12-13 12:00:00,376.629,2024-12-13 12:40:00,366.4785,2,75,761.2875000000017,56.494350000000004,704.7931500000018,RSI Oversold,19DEC24,6,False,12,40.0
"24650CE, 24650PE",2024-12-13 13:00:00,368.246,2024-12-13 13:16:00,355.015,2,75,992.3249999999996,55.236900000000006,937.0880999999996,RSI Oversold,19DEC24,6,False,12,16.0
"24700CE, 24700PE",2024-12-13 13:43:00,344.71299999999997,2024-12-13 14:41:00,312.54449999999997,2,75,2412.6375,51.706950000000006,2360.93055,RSI Oversold,19DEC24,6,False,12,58.0
"24750CE, 24750PE",2024-12-16 09:43:00,329.967,2024-12-16 10:02:00,309.76700000000005,2,75,1514.9999999999993,49.49505,1465.504949999999,RSI Oversold,19DEC24,3,False,12,19.0
"24650CE, 24650PE",2024-12-16 12:37:00,358.651,2024-12-16 13:33:00,338.70349999999996,2,75,1496.0625000000014,53.797650000000004,1442.2648500000014,RSI Oversold,19DEC24,3,False,12,56.0
"24200CE, 24200PE",2024-12-18 13:04:00,169.175,2024-12-18 13:35:00,156.752,2,75,931.7250000000001,25.37625,906.3487500000001,RSI Oversold,19DEC24,1,False,12,31.0
"24200CE, 24200PE",2024-12-18 14:49:00,150.49,2024-12-18 15:08:00,146.0965,2,75,329.51249999999914,22.573500000000003,306.93899999999917,RSI Oversold,19DEC24,1,False,12,19.0
"23950CE, 23950PE",2024-12-19 11:27:00,57.216499999999996,2024-12-19 11:39:00,94.2835,2,75,-2780.0250000000005,8.582474999999999,-2788.6074750000007,Stop Loss Hit,19DEC24,0,True,12,12.0
"24000CE, 24000PE",2024-12-20 09:37:00,401.98,2024-12-20 09:51:00,453.591,2,75,-3870.8250000000044,60.297,-3931.1220000000035,Stop Loss Hit,26DEC24,6,False,12,14.0
"23850CE, 23850PE",2024-12-23 10:59:00,224.2705,2024-12-23 11:40:00,211.595,2,75,950.6624999999999,33.640575,917.0219249999998,RSI Oversold,26DEC24,3,False,12,41.0
"23700CE, 23700PE",2024-12-23 14:15:00,211.09,2024-12-23 15:21:00,210.585,2,75,37.874999999998636,31.6635,6.211499999998523,EOD,26DEC24,3,False,12,66.0
"23800CE, 23800PE",2024-12-24 09:53:00,177.255,2024-12-24 10:42:00,181.6485,2,75,-329.51250000000095,26.588250000000002,-356.1007500000012,RSI Oversold,26DEC24,2,False,12,49.0
"23800CE, 23800PE",2024-12-24 12:37:00,149.12650000000002,2024-12-24 12:59:00,144.228,2,75,367.38750000000095,22.368975000000002,345.018525000001,RSI Oversold,26DEC24,2,False,12,22.0
"23750CE, 23750PE",2024-12-24 14:54:00,138.673,2024-12-24 15:21:00,135.239,2,75,257.5499999999999,20.80095,236.74904999999987,EOD,26DEC24,2,False,12,27.0
"23750CE, 23750PE",2024-12-26 11:14:00,62.8725,2024-12-26 11:44:00,55.852999999999994,2,75,526.4625000000001,9.430875,517.0316250000002,RSI Oversold,26DEC24,0,True,12,30.0
"23850CE, 23850PE",2024-12-27 12:36:00,304.9695,2024-12-27 12:59:00,305.222,2,75,-18.93749999999983,45.745425,-64.68292499999984,RSI Oversold,02JAN25,6,False,12,23.0
"23850CE, 23850PE",2024-12-27 13:11:00,305.27250000000004,2024-12-27 13:24:00,295.6775,2,75,719.6250000000009,45.790875,673.834125000001,RSI Oversold,02JAN25,6,False,12,13.0
"23850CE, 23850PE",2024-12-27 13:43:00,294.4655,2024-12-27 14:14:00,291.284,2,75,238.612499999999,44.169824999999996,194.44267499999899,RSI Oversold,02JAN25,6,False,12,31.0
"23850CE, 23850PE",2024-12-30 10:46:00,248.20749999999998,2024-12-30 11:02:00,252.399,2,75,-314.3625000000004,37.231125000000006,-351.59362500000054,RSI Oversold,02JAN25,3,False,12,16.0
"23800CE, 23800PE",2024-12-30 11:22:00,251.23749999999998,2024-12-30 11:48:00,283.00199999999995,2,75,-2382.3375,37.685625,-2420.023125,Stop Loss Hit,02JAN25,3,False,12,26.0
"23900CE, 23900PE",2024-12-30 11:51:00,278.4065,2024-12-30 12:06:00,270.377,2,75,602.212499999999,41.760975,560.451524999999,RSI Oversold,02JAN25,3,False,12,15.0
"23550CE, 23550PE",2024-12-31 09:38:00,265.529,2024-12-31 09:50:00,266.8925,2,75,-102.26250000000027,39.82935,-142.09185000000025,RSI Oversold,02JAN25,2,False,12,12.0
"23550CE, 23550PE",2024-12-31 10:23:00,280.62850000000003,2024-12-31 11:56:00,290.5265,2,75,-742.3499999999998,42.094274999999996,-784.4442749999997,RSI Oversold,02JAN25,2,False,12,93.0
"23600CE, 23600PE",2024-12-31 12:22:00,284.9715,2024-12-31 12:45:00,283.6585,2,75,98.47500000000127,42.74572500000001,55.72927500000128,RSI Oversold,02JAN25,2,False,12,23.0
"23650CE, 23650PE",2024-12-31 13:40:00,284.113,2024-12-31 14:17:00,283.9615,2,75,11.362500000000978,42.61695,-31.254449999998997,RSI Oversold,02JAN25,2,False,12,37.0
